2026-03-11 10:25:58,695 RW - vertex 16729. Time : 0.00019121170043945312s
2026-03-11 10:25:58,695 RW - vertex 16813. Time : 0.0001468658447265625s
2026-03-11 10:25:58,695 RW - vertex 22892. Time : 0.0001461505889892578s
2026-03-11 10:25:58,696 RW - vertex 24109. Time : 0.00015926361083984375s
2026-03-11 10:25:58,696 RW - vertex 21881. Time : 0.0001468658447265625s
2026-03-11 10:25:58,696 RW - vertex 16818. Time : 0.00014710426330566406s
2026-03-11 10:25:58,696 RW - vertex 30802. Time : 0.0001442432403564453s
2026-03-11 10:25:58,696 RW - vertex 21909. Time : 0.00012373924255371094s
2026-03-11 10:25:58,696 RW - vertex 2026-03-11 10:25:58,761 Iteration 0 executed.
2026-03-11 10:25:58,783 Iteration 1 executed.
2026-03-11 10:25:58,805 Iteration 2 executed.
2026-03-11 10:25:58,826 Iteration 3 executed.
2026-03-11 10:25:58,909 Iteration 4 executed.
2026-03-11 10:25:58,931 Iteration 5 executed.
2026-03-11 10:25:58,947 Iteration 6 executed.
2026-03-11 10:25:58,969 Iteration 7 executed.
2026-03-11 10:25:59,043 Iteration 8 executed.
2026-03-11 10:25:59,062 Iteration 9 executed.
2026-03-11 10:25:59,099 RWs created. Time: 0.022302778561909993m
2026-03-11 10:25:59,099 Saving Random Walks on disk...
- vertex 16847. Time : 0.0001289844512939453s
2026-03-11 10:25:58,698 RW - vertex 302026-03-11 10:25:59,185 Initializing creation of the representations...
2026-03-11 10:25:59,186 collecting all words and their counts
2026-03-11 10:25:59,186 {'uri': 'random_walks.txt', 'mode': 'rb', 'buffering': -1, 'encoding': None, 'errors': None, 'newline': None, 'closefd': True, 'opener': None, 'compression': 'infer_from_extension', 'transport_params': None}
2026-03-11 10:25:59,186 PROGRESS: at sentence #0, processed 0 words, keeping 0 word types
2026-03-11 10:25:59,239 collected 977 word types from a corpus of 781600 raw words and 9770 sentences
2026-03-11 10:25:59,239 Creating a fresh vocabulary
2026-03-11 10:25:59,245 starting a new internal lifecycle event log for Word2Vec
2026-03-11 10:25:59,245 Word2Vec lifecycle event {'msg': 'effective_min_count=0 retains 977 unique words (100.00% of original 977, drops 0)', 'datetime': '2026-03-11T10:25:59.239952', 'gensim': '4.3.1', 'python': '3.11.14 (main, Oct  9 2025, 16:16:55) [Clang 17.0.0 (clang-1700.6.3.2)]', 'platform': 'macOS-26.3-arm64-arm-64bit', 'event': 'prepare_vocab'}
2026-03-11 10:25:59,246 Word2Vec lifecycle event {'msg': 'effective_min_count=0 leaves 781600 word corpus (100.00% of original 781600, drops 0)', 'datetime': '2026-03-11T10:25:59.246009', 'gensim': '4.3.1', 'python': '3.11.14 (main, Oct  9 2025, 16:16:55) [Clang 17.0.0 (clang-1700.6.3.2)]', 'platform': 'macOS-26.3-arm64-arm-64bit', 'event': 'prepare_vocab'}
2026-03-11 10:25:59,247 deleting the raw counts dictionary of 977 items
2026-03-11 10:25:59,247 sample=0.001 downsamples 48 most-common words
2026-03-11 10:25:59,247 Word2Vec lifecycle event {'msg': 'downsampling leaves estimated 535147.0862227291 word corpus (68.5%% of prior 781600)', 'datetime': '2026-03-11T10:25:59.247040', 'gensim': '4.3.1', 'python': '3.11.14 (main, Oct  9 2025, 16:16:55) [Clang 17.0.0 (clang-1700.6.3.2)]', 'platform': 'macOS-26.3-arm64-arm-64bit', 'event': 'prepare_vocab'}
2026-03-11 10:25:59,247 constructing a huffman tree from 977 words
2026-03-11 10:25:59,253 built huffman tree with maximum node depth 14
2026-03-11 10:25:59,255 estimated required memory for 977 words and 128 dimensions: 2184572 bytes
2026-03-11 10:25:59,255 resetting layer weights
2026-03-11 10:25:59,255 Word2Vec lifecycle event {'update': False, 'trim_rule': 'None', 'datetime': '2026-03-11T10:25:59.255891', 'gensim': '4.3.1', 'python': '3.11.14 (main, Oct  9 2025, 16:16:55) [Clang 17.0.0 (clang-1700.6.3.2)]', 'platform': 'macOS-26.3-arm64-arm-64bit', 'event': 'build_vocab'}
2026-03-11 10:25:59,255 Both hierarchical softmax and negative sampling are activated. This is probably a mistake. You should set either 'hs=0' or 'negative=0' to disable one of them. 
2026-03-11 10:25:59,255 Word2Vec lifecycle event {'msg': 'training model with 4 workers on 977 vocabulary and 128 features, using sg=1 hs=1 sample=0.001 negative=5 window=5 shrink_windows=True', 'datetime': '2026-03-11T10:25:59.255925', 'gensim': '4.3.1', 'python': '3.11.14 (main, Oct  9 2025, 16:16:55) [Clang 17.0.0 (clang-1700.6.3.2)]', 'platform': 'macOS-26.3-arm64-arm-64bit', 'event': 'train'}
2026-03-11 10:25:59,256 {'uri': 'random_walks.txt', 'mode': 'rb', 'buffering': -1, 'encoding': None, 'errors': None, 'newline': None, 'closefd': True, 'opener': None, 'compression': 'infer_from_extension', 'transport_params': None}
2026-03-11 10:25:59,904 job loop exiting, total 79 jobs
2026-03-11 10:25:59,941 worker exiting, processed 21 jobs
2026-03-11 10:25:59,941 worker thread finished; awaiting finish of 3 more threads
2026-03-11 10:25:59,964 worker exiting, processed 21 jobs
2026-03-11 10:25:59,964 worker thread finished; awaiting finish of 2 more threads
2026-03-11 10:25:59,966 worker exiting, processed 21 jobs
2026-03-11 10:25:59,966 worker thread finished; awaiting finish of 1 more threads
2026-03-11 10:25:59,971 worker exiting, processed 16 jobs
2026-03-11 10:25:59,971 worker thread finished; awaiting finish of 0 more threads
2026-03-11 10:25:59,971 EPOCH 0: training on 781600 raw words (534961 effective words) took 0.7s, 747466 effective words/s
2026-03-11 10:25:59,972 {'uri': 'random_walks.txt', 'mode': 'rb', 'buffering': -1, 'encoding': None, 'errors': None, 'newline': None, 'closefd': True, 'opener': None, 'compression': 'infer_from_extension', 'transport_params': None}
2026-03-11 10:26:00,589 job loop exiting, total 79 jobs
2026-03-11 10:26:00,626 worker exiting, processed 19 jobs
2026-03-11 10:26:00,626 worker thread finished; awaiting finish of 3 more threads
2026-03-11 10:26:00,629 worker exiting, processed 20 jobs
2026-03-11 10:26:00,629 worker thread finished; awaiting finish of 2 more threads
2026-03-11 10:26:00,644 worker exiting, processed 20 jobs
2026-03-11 10:26:00,644 worker thread finished; awaiting finish of 1 more threads
2026-03-11 10:26:00,652 worker exiting, processed 20 jobs
2026-03-11 10:26:00,652 worker thread finished; awaiting finish of 0 more threads
2026-03-11 10:26:00,652 EPOCH 1: training on 781600 raw words (534854 effective words) took 0.7s, 785705 effective words/s
2026-03-11 10:26:00,653 {'uri': 'random_walks.txt', 'mode': 'rb', 'buffering': -1, 'encoding': None, 'errors': None, 'newline': None, 'closefd': True, 'opener': None, 'compression': 'infer_from_extension', 'transport_params': None}
2026-03-11 10:26:01,307 job loop exiting, total 79 jobs
2026-03-11 10:26:01,344 worker exiting, processed 21 jobs
2026-03-11 10:26:01,344 worker thread finished; awaiting finish of 3 more threads
2026-03-11 10:26:01,361 worker exiting, processed 21 jobs
2026-03-11 10:26:01,361 worker thread finished; awaiting finish of 2 more threads
2026-03-11 10:26:01,364 worker exiting, processed 21 jobs
2026-03-11 10:26:01,365 worker thread finished; awaiting finish of 1 more threads
2026-03-11 10:26:01,368 worker exiting, processed 16 jobs
2026-03-11 10:26:01,368 worker thread finished; awaiting finish of 0 more threads
2026-03-11 10:26:01,368 EPOCH 2: training on 781600 raw words (535110 effective words) took 0.7s, 748229 effective words/s
2026-03-11 10:26:01,368 {'uri': 'random_walks.txt', 'mode': 'rb', 'buffering': -1, 'encoding': None, 'errors': None, 'newline': None, 'closefd': True, 'opener': None, 'compression': 'infer_from_extension', 'transport_params': None}
2026-03-11 10:26:01,948 job loop exiting, total 79 jobs
2026-03-11 10:26:01,984 worker exiting, processed 19 jobs
2026-03-11 10:26:01,984 worker thread finished; awaiting finish of 3 more threads
2026-03-11 10:26:01,985 worker exiting, processed 20 jobs
2026-03-11 10:26:01,985 worker thread finished; awaiting finish of 2 more threads
2026-03-11 10:26:02,000 worker exiting, processed 20 jobs
2026-03-11 10:26:02,000 worker thread finished; awaiting finish of 1 more threads
2026-03-11 10:26:02,006 worker exiting, processed 20 jobs
2026-03-11 10:26:02,007 worker thread finished; awaiting finish of 0 more threads
2026-03-11 10:26:02,007 EPOCH 3: training on 781600 raw words (534807 effective words) took 0.6s, 837691 effective words/s
2026-03-11 10:26:02,007 {'uri': 'random_walks.txt', 'mode': 'rb', 'buffering': -1, 'encoding': None, 'errors': None, 'newline': None, 'closefd': True, 'opener': None, 'compression': 'infer_from_extension', 'transport_params': None}
2026-03-11 10:26:02,621 job loop exiting, total 79 jobs
2026-03-11 10:26:02,656 worker exiting, processed 21 jobs
2026-03-11 10:26:02,656 worker thread finished; awaiting finish of 3 more threads
2026-03-11 10:26:02,669 worker exiting, processed 16 jobs
2026-03-11 10:26:02,669 worker thread finished; awaiting finish of 2 more threads
2026-03-11 10:26:02,672 worker exiting, processed 21 jobs
2026-03-11 10:26:02,672 worker thread finished; awaiting finish of 1 more threads
2026-03-11 10:26:02,678 worker exiting, processed 21 jobs
2026-03-11 10:26:02,679 worker thread finished; awaiting finish of 0 more threads
2026-03-11 10:26:02,679 EPOCH 4: training on 781600 raw words (535728 effective words) took 0.7s, 797602 effective words/s
2026-03-11 10:26:02,679 Word2Vec lifecycle event {'msg': 'training on 3908000 raw words (2675460 effective words) took 3.4s, 781579 effective words/s', 'datetime': '2026-03-11T10:26:02.679092', 'gensim': '4.3.1', 'python': '3.11.14 (main, Oct  9 2025, 16:16:55) [Clang 17.0.0 (clang-1700.6.3.2)]', 'platform': 'macOS-26.3-arm64-arm-64bit', 'event': 'train'}
2026-03-11 10:26:02,679 Word2Vec lifecycle event {'params': 'Word2Vec<vocab=977, vector_size=128, alpha=0.025>', 'datetime': '2026-03-11T10:26:02.679118', 'gensim': '4.3.1', 'python': '3.11.14 (main, Oct  9 2025, 16:16:55) [Clang 17.0.0 (clang-1700.6.3.2)]', 'platform': 'macOS-26.3-arm64-arm-64bit', 'event': 'created'}
2026-03-11 10:26:02,679 storing 977x128 projection weights into outputs/struc2vec/dataset5_output.emb
2026-03-11 10:26:02,679 {'uri': 'outputs/struc2vec/dataset5_output.emb', 'mode': 'wb', 'buffering': -1, 'encoding': None, 'errors': None, 'newline': None, 'closefd': True, 'opener': None, 'compression': 'infer_from_extension', 'transport_params': None}
2026-03-11 10:26:02,702 Representations created.
3 RW - vertex 30880. Time : 0.0001220703125s
2026-03-11 10:25:58,713 RW - vertex 26210. Time : 0.0001289844512939453s
2026-03-11 10:25:58,714 RW - vertex 30871. Time : 0.00011587142944335938s
2026-03-11 10:25:58,714 RW - vertex 39781. Time : 0.00011801719665527344s
2026-03-11 10:25:58,714 RW - vertex 22045. Time : 0.00012373924255371094s
2026-03-11 10:25:58,714 RW - vertex 14471. Time : 0.00010704994201660156s
2026-03-11 10:25:58,714 RW - vertex 16756. Time : 0.00012803077697753906s
2026-03-11 10:25:58,714 RW - vertex 30198. Time : 0.0001239776611328125s
2026-03-11 10:25:58,714 RW - vertex 3327. Time : 0.00012493133544921875s
2026-03-11 10:25:58,714 RW - vertex 54565. Time : 0.00011610984802246094s
2026-03-11 10:25:58,715 RW - vertex 3188. Time : 0.00011396408081054688s
2026-03-11 10:25:58,715 RW - vertex 3488. Time : 0.00012111663818359375s
2026-03-11 10:25:58,715 RW - vertex 2370. Time : 0.0001270771026611328s
2026-03-11 10:25:58,715 RW - vertex 16867. Time : 0.00010800361633300781s
2026-03-11 10:25:58,715 RW - vertex 16888. Time : 0.00011801719665527344s
2026-03-11 10:25:58,715 RW - vertex 45790. Time : 0.00011491775512695312s
2026-03-11 10:25:58,715 RW - vertex 54433. Time : 0.0001220703125s
2026-03-11 10:25:58,715 RW - vertex 5514. Time : 0.00010585784912109375s
2026-03-11 10:25:58,716 RW - vertex 16570. Time : 0.00011301040649414062s
2026-03-11 10:25:58,716 RW - vertex 42012. Time : 0.00011706352233886719s
2026-03-11 10:25:58,716 RW - vertex 2980. Time : 0.00011801719665527344s
2026-03-11 10:25:58,716 RW - vertex 23527. Time : 9.5367431640625e-05s
2026-03-11 10:25:58,716 RW - vertex 49208. Time : 0.000102996826171875s
2026-03-11 10:25:58,716 RW - vertex 30591. Time : 0.0001289844512939453s
2026-03-11 10:25:58,716 RW - vertex 36626. Time : 0.00011610984802246094s
2026-03-11 10:25:58,716 RW - vertex 18662. Time : 0.000102996826171875s
2026-03-11 10:25:58,717 RW - vertex 30769. Time : 0.00013017654418945312s
2026-03-11 10:25:58,717 RW - vertex 27298. Time : 0.00011992454528808594s
2026-03-11 10:25:58,717 RW - vertex 41844. Time : 0.00012183189392089844s
2026-03-11 10:25:58,717 RW - vertex 37262. Time : 0.00011682510375976562s
2026-03-11 10:25:58,717 RW - vertex 30796. Time : 0.00012087821960449219s
2026-03-11 10:25:58,717 RW - vertex 16797. Time : 0.00011014938354492188s
2026-03-11 10:25:58,717 RW - vertex 3212. Time : 0.00012612342834472656s
2026-03-11 10:25:58,717 RW - vertex 16760. Time : 0.00010704994201660156s
2026-03-11 10:25:58,718 RW - vertex 48419. Time : 0.00011920928955078125s
2026-03-11 10:25:58,718 RW - vertex 15223. Time : 0.00011801719665527344s
2026-03-11 10:25:58,718 RW - vertex 26190. Time : 0.0001201629638671875s
2026-03-11 10:25:58,718 RW - vertex 26194. Time : 0.0001220703125s
2026-03-11 10:25:58,718 RW - vertex 24166. Time : 0.00011181831359863281s
2026-03-11 10:25:58,718 RW - vertex 16731. Time : 0.00012636184692382812s
2026-03-11 10:25:58,718 RW - vertex 45529. Time : 0.00010919570922851562s
2026-03-11 10:25:58,718 RW - vertex 27505. Time : 0.00010895729064941406s
2026-03-11 10:25:58,719 RW - vertex 39958. Time : 0.00011396408081054688s
2026-03-11 10:25:58,719 RW - vertex 16894. Time : 0.0001201629638671875s
2026-03-11 10:25:58,719 RW - vertex 30723. Time : 0.00011706352233886719s
2026-03-11 10:25:58,719 RW - vertex 16711. Time : 0.00010704994201660156s
2026-03-11 10:25:58,719 RW - vertex 49052. Time : 0.00011801719665527344s
2026-03-11 10:25:58,719 RW - vertex 16882. Time : 0.0001239776611328125s
2026-03-11 10:25:58,719 RW - vertex 46171. Time : 0.00011682510375976562s
2026-03-11 10:25:58,719 RW - vertex 46285. Time : 0.0001239776611328125s
2026-03-11 10:25:58,720 RW - vertex 39796. Time : 0.00011920928955078125s
2026-03-11 10:25:58,720 RW - vertex 16858. Time : 0.00011897087097167969s
2026-03-11 10:25:58,720 RW - vertex 23499. Time : 0.00011682510375976562s
2026-03-11 10:25:58,720 RW - vertex 22370. Time : 0.00011992454528808594s
2026-03-11 10:25:58,720 RW - vertex 36651. Time : 0.00011897087097167969s
2026-03-11 10:25:58,720 RW - vertex 36623. Time : 0.00010919570922851562s
2026-03-11 10:25:58,720 RW - vertex 27259. Time : 0.00011801719665527344s
2026-03-11 10:25:58,720 RW - vertex 16614. Time : 0.00012111663818359375s
2026-03-11 10:25:58,721 RW - vertex 30805. Time : 0.00010323524475097656s
2026-03-11 10:25:58,721 RW - vertex 7782. Time : 0.00011610984802246094s
2026-03-11 10:25:58,721 RW - vertex 49190. Time : 0.00013113021850585938s
2026-03-11 10:25:58,721 RW - vertex 30739. Time : 0.00010895729064941406s
2026-03-11 10:25:58,721 RW - vertex 27498. Time : 0.00012111663818359375s
2026-03-11 10:25:58,721 RW - vertex 15377. Time : 0.0001049041748046875s
2026-03-11 10:25:58,721 RW - vertex 16744. Time : 0.000125885009765625s
2026-03-11 10:25:58,721 RW - vertex 21593. Time : 0.00011801719665527344s
2026-03-11 10:25:58,722 RW - vertex 30885. Time : 0.00011396408081054688s
2026-03-11 10:25:58,722 RW - vertex 16893. Time : 0.0001201629638671875s
2026-03-11 10:25:58,722 RW - vertex 16864. Time : 0.00011897087097167969s
2026-03-11 10:25:58,722 RW - vertex 46632. Time : 0.00011205673217773438s
2026-03-11 10:25:58,722 RW - vertex 40994. Time : 0.00010275840759277344s
2026-03-11 10:25:58,722 RW - vertex 36670. Time : 0.00011229515075683594s
2026-03-11 10:25:58,722 RW - vertex 30706. Time : 0.00011014938354492188s
2026-03-11 10:25:58,722 RW - vertex 16817. Time : 0.00011110305786132812s
2026-03-11 10:25:58,723 RW - vertex 30755. Time : 0.00011491775512695312s
2026-03-11 10:25:58,723 RW - vertex 30715. Time : 0.00011420249938964844s
2026-03-11 10:25:58,723 RW - vertex 41249. Time : 0.0001289844512939453s
2026-03-11 10:25:58,723 RW - vertex 2470. Time : 0.00011491775512695312s
2026-03-11 10:25:58,723 RW - vertex 16587. Time : 0.00011682510375976562s
2026-03-11 10:25:58,723 RW - vertex 670. Time : 0.00010967254638671875s
2026-03-11 10:25:58,723 RW - vertex 16880. Time : 0.00011277198791503906s
2026-03-11 10:25:58,723 RW - vertex 16779. Time : 0.00011587142944335938s
2026-03-11 10:25:58,724 RW - vertex 5867. Time : 0.00011491775512695312s
2026-03-11 10:25:58,724 RW - vertex 108925. Time : 0.00011277198791503906s
2026-03-11 10:25:58,724 RW - vertex 2572. Time : 0.00011396408081054688s
2026-03-11 10:25:58,724 RW - vertex 54539. Time : 0.00011396408081054688s
2026-03-11 10:25:58,724 RW - vertex 15225. Time : 0.00010919570922851562s
2026-03-11 10:25:58,724 RW - vertex 36643. Time : 0.00011181831359863281s
2026-03-11 10:25:58,724 RW - vertex 47176. Time : 0.00011181831359863281s
2026-03-11 10:25:58,724 RW - vertex 39771. Time : 0.0001201629638671875s
2026-03-11 10:25:58,724 RW - vertex 27525. Time : 0.00011706352233886719s
2026-03-11 10:25:58,725 RW - vertex 39962. Time : 0.00011324882507324219s
2026-03-11 10:25:58,725 RW - vertex 3967. Time : 0.00011396408081054688s
2026-03-11 10:25:58,725 RW - vertex 16589. Time : 0.00011801719665527344s
2026-03-11 10:25:58,725 RW - vertex 45460. Time : 0.00011992454528808594s
2026-03-11 10:25:58,725 RW - vertex 21890. Time : 0.00011277198791503906s
2026-03-11 10:25:58,725 RW - vertex 45382. Time : 0.00010991096496582031s
2026-03-11 10:25:58,725 RW - vertex 30705. Time : 0.00012636184692382812s
2026-03-11 10:25:58,725 RW - vertex 2576. Time : 0.00011491775512695312s
2026-03-11 10:25:58,726 RW - vertex 46878. Time : 0.00012731552124023438s
2026-03-11 10:25:58,726 RW - vertex 27302. Time : 0.00010704994201660156s
2026-03-11 10:25:58,726 RW - vertex 49283. Time : 0.0001239776611328125s
2026-03-11 10:25:58,726 RW - vertex 44988. Time : 0.00011897087097167969s
2026-03-11 10:25:58,726 RW - vertex 30721. Time : 0.00010919570922851562s
2026-03-11 10:25:58,726 RW - vertex 3211. Time : 0.00010395050048828125s
2026-03-11 10:25:58,726 RW - vertex 16734. Time : 0.00011324882507324219s
2026-03-11 10:25:58,726 RW - vertex 16783. Time : 0.00011396408081054688s
2026-03-11 10:25:58,727 RW - vertex 1406. Time : 0.00012636184692382812s
2026-03-11 10:25:58,727 RW - vertex 23509. Time : 0.00011181831359863281s
2026-03-11 10:25:58,727 RW - vertex 45542. Time : 0.00011873245239257812s
2026-03-11 10:25:58,727 RW - vertex 2624. Time : 0.00010967254638671875s
2026-03-11 10:25:58,727 RW - vertex 30791. Time : 0.00011396408081054688s
2026-03-11 10:25:58,727 RW - vertex 30694. Time : 0.00011491775512695312s
2026-03-11 10:25:58,727 RW - vertex 30675. Time : 0.00011610984802246094s
2026-03-11 10:25:58,727 RW - vertex 49407. Time : 0.00011587142944335938s
2026-03-11 10:25:58,728 RW - vertex 24111. Time : 0.00010704994201660156s
2026-03-11 10:25:58,728 RW - vertex 22368. Time : 0.00010895729064941406s
2026-03-11 10:25:58,728 RW - vertex 38286. Time : 0.0001087188720703125s
2026-03-11 10:25:58,728 RW - vertex 44184. Time : 0.00010609626770019531s
2026-03-11 10:25:58,728 RW - vertex 6129. Time : 0.00011801719665527344s
2026-03-11 10:25:58,728 RW - vertex 37065. Time : 0.00011992454528808594s
2026-03-11 10:25:58,728 RW - vertex 3457. Time : 0.00011301040649414062s
2026-03-11 10:25:58,728 RW - vertex 30775. Time : 0.00011229515075683594s
2026-03-11 10:25:58,729 RW - vertex 39851. Time : 0.00011992454528808594s
2026-03-11 10:25:58,729 RW - vertex 22064. Time : 0.00012111663818359375s
2026-03-11 10:25:58,729 RW - vertex 16704. Time : 0.00011587142944335938s
2026-03-11 10:25:58,729 RW - vertex 16577. Time : 0.00010800361633300781s
2026-03-11 10:25:58,729 RW - vertex 30810. Time : 0.00010800361633300781s
2026-03-11 10:25:58,729 RW - vertex 30660. Time : 0.00010919570922851562s
2026-03-11 10:25:58,729 RW - vertex 42020. Time : 0.0001201629638671875s
2026-03-11 10:25:58,729 RW - vertex 39128. Time : 0.00010395050048828125s
2026-03-11 10:25:58,730 RW - vertex 39955. Time : 0.0001289844512939453s
2026-03-11 10:25:58,730 RW - vertex 30748. Time : 0.00011205673217773438s
2026-03-11 10:25:58,730 RW - vertex 45034. Time : 0.00011324882507324219s
2026-03-11 10:25:58,730 RW - vertex 27509. Time : 0.00011181831359863281s
2026-03-11 10:25:58,730 RW - vertex 30734. Time : 0.00011610984802246094s
2026-03-11 10:25:58,730 RW - vertex 105105. Time : 0.00011920928955078125s
2026-03-11 10:25:58,730 RW - vertex 23979. Time : 0.00011801719665527344s
2026-03-11 10:25:58,730 RW - vertex 30794. Time : 0.00011587142944335938s
2026-03-11 10:25:58,731 RW - vertex 16889. Time : 0.00011420249938964844s
2026-03-11 10:25:58,731 RW - vertex 25754. Time : 0.00012183189392089844s
2026-03-11 10:25:58,731 RW - vertex 39952. Time : 0.00011491775512695312s
2026-03-11 10:25:58,731 RW - vertex 27493. Time : 0.00011396408081054688s
2026-03-11 10:25:58,731 RW - vertex 30764. Time : 0.0001239776611328125s
2026-03-11 10:25:58,731 RW - vertex 30572. Time : 0.00011610984802246094s
2026-03-11 10:25:58,731 RW - vertex 106111. Time : 0.00011396408081054688s
2026-03-11 10:25:58,731 RW - vertex 26187. Time : 0.00011801719665527344s
2026-03-11 10:25:58,732 RW - vertex 30722. Time : 0.00012421607971191406s
2026-03-11 10:25:58,732 RW - vertex 22329. Time : 0.0001220703125s
2026-03-11 10:25:58,732 RW - vertex 45583. Time : 0.00011205673217773438s
2026-03-11 10:25:58,732 RW - vertex 30650. Time : 0.00010180473327636719s
2026-03-11 10:25:58,732 RW - vertex 39791. Time : 0.00011491775512695312s
2026-03-11 10:25:58,732 RW - vertex 16705. Time : 0.00011801719665527344s
2026-03-11 10:25:58,732 RW - vertex 22086. Time : 0.00010609626770019531s
2026-03-11 10:25:58,732 RW - vertex 30788. Time : 0.00012683868408203125s
2026-03-11 10:25:58,732 RW - vertex 3202. Time : 0.00011229515075683594s
2026-03-11 10:25:58,733 RW - vertex 16573. Time : 0.00010704994201660156s
2026-03-11 10:25:58,733 RW - vertex 30793. Time : 0.0001270771026611328s
2026-03-11 10:25:58,733 RW - vertex 44428. Time : 0.00011491775512695312s
2026-03-11 10:25:58,733 RW - vertex 42034. Time : 0.00012421607971191406s
2026-03-11 10:25:58,733 RW - vertex 30742. Time : 0.00012087821960449219s
2026-03-11 10:25:58,733 RW - vertex 16767. Time : 0.00011181831359863281s
2026-03-11 10:25:58,733 RW - vertex 30768. Time : 0.00011205673217773438s
2026-03-11 10:25:58,733 RW - vertex 24095. Time : 0.00010919570922851562s
2026-03-11 10:25:58,734 RW - vertex 24102. Time : 0.00011897087097167969s
2026-03-11 10:25:58,734 RW - vertex 9463. Time : 0.00010991096496582031s
2026-03-11 10:25:58,734 RW - vertex 45853. Time : 0.00011801719665527344s
2026-03-11 10:25:58,734 RW - vertex 22626. Time : 0.0001239776611328125s
2026-03-11 10:25:58,734 RW - vertex 16722. Time : 0.00012111663818359375s
2026-03-11 10:25:58,734 RW - vertex 16692. Time : 0.00010895729064941406s
2026-03-11 10:25:58,734 RW - vertex 27646. Time : 0.00012111663818359375s
2026-03-11 10:25:58,734 RW - vertex 30774. Time : 0.00011587142944335938s
2026-03-11 10:25:58,735 RW - vertex 3195. Time : 0.00011420249938964844s
2026-03-11 10:25:58,735 RW - vertex 36369. Time : 0.00013303756713867188s
2026-03-11 10:25:58,735 RW - vertex 44412. Time : 0.0001220703125s
2026-03-11 10:25:58,735 RW - vertex 27190. Time : 0.00011181831359863281s
2026-03-11 10:25:58,735 RW - vertex 16590. Time : 0.00011229515075683594s
2026-03-11 10:25:58,735 RW - vertex 39807. Time : 0.0001220703125s
2026-03-11 10:25:58,735 RW - vertex 16852. Time : 0.00011181831359863281s
2026-03-11 10:25:58,735 RW - vertex 100567. Time : 0.00011897087097167969s
2026-03-11 10:25:58,736 RW - vertex 21594. Time : 0.00011801719665527344s
2026-03-11 10:25:58,736 RW - vertex 30718. Time : 0.00011706352233886719s
2026-03-11 10:25:58,736 RW - vertex 16582. Time : 0.00011205673217773438s
2026-03-11 10:25:58,736 RW - vertex 24091. Time : 0.00011682510375976562s
2026-03-11 10:25:58,736 RW - vertex 49153. Time : 0.00011897087097167969s
2026-03-11 10:25:58,736 RW - vertex 44157. Time : 0.0001201629638671875s
2026-03-11 10:25:58,736 RW - vertex 1413. Time : 0.00010609626770019531s
2026-03-11 10:25:58,736 RW - vertex 16762. Time : 0.00011181831359863281s
2026-03-11 10:25:58,737 RW - vertex 8493. Time : 0.00011491775512695312s
2026-03-11 10:25:58,737 RW - vertex 106262. Time : 0.0001289844512939453s
2026-03-11 10:25:58,737 RW - vertex 16691. Time : 0.00010991096496582031s
2026-03-11 10:25:58,737 RW - vertex 2920. Time : 0.00011801719665527344s
2026-03-11 10:25:58,737 RW - vertex 22301. Time : 0.00011610984802246094s
2026-03-11 10:25:58,737 RW - vertex 46256. Time : 0.0001201629638671875s
2026-03-11 10:25:58,737 RW - vertex 41819. Time : 0.00011396408081054688s
2026-03-11 10:25:58,737 RW - vertex 35630. Time : 0.00010609626770019531s
2026-03-11 10:25:58,738 RW - vertex 6198. Time : 0.00011301040649414062s
2026-03-11 10:25:58,738 RW - vertex 16730. Time : 0.0001251697540283203s
2026-03-11 10:25:58,738 RW - vertex 30831. Time : 0.00011205673217773438s
2026-03-11 10:25:58,738 RW - vertex 41751. Time : 0.00011277198791503906s
2026-03-11 10:25:58,738 RW - vertex 30687. Time : 0.00011801719665527344s
2026-03-11 10:25:58,738 RW - vertex 27489. Time : 0.00011992454528808594s
2026-03-11 10:25:58,738 RW - vertex 54580. Time : 0.00010585784912109375s
2026-03-11 10:25:58,738 RW - vertex 48613. Time : 0.00010967254638671875s
2026-03-11 10:25:58,739 RW - vertex 30817. Time : 0.00010395050048828125s
2026-03-11 10:25:58,739 RW - vertex 16834. Time : 0.00011706352233886719s
2026-03-11 10:25:58,739 RW - vertex 16837. Time : 0.00012803077697753906s
2026-03-11 10:25:58,739 RW - vertex 30539. Time : 0.00011181831359863281s
2026-03-11 10:25:58,739 RW - vertex 54415. Time : 0.00011396408081054688s
2026-03-11 10:25:58,739 RW - vertex 27304. Time : 0.0001220703125s
2026-03-11 10:25:58,739 RW - vertex 36657. Time : 0.00011801719665527344s
2026-03-11 10:25:58,739 RW - vertex 27502. Time : 0.00011706352233886719s
2026-03-11 10:25:58,740 RW - vertex 3351. Time : 0.00011324882507324219s
2026-03-11 10:25:58,740 RW - vertex 16861. Time : 0.00010919570922851562s
2026-03-11 10:25:58,740 RW - vertex 16710. Time : 0.00011110305786132812s
2026-03-11 10:25:58,740 RW - vertex 24103. Time : 0.00011181831359863281s
2026-03-11 10:25:58,740 RW - vertex 100891. Time : 0.00010418891906738281s
2026-03-11 10:25:58,740 RW - vertex 26191. Time : 0.00011706352233886719s
2026-03-11 10:25:58,740 RW - vertex 30816. Time : 0.00011706352233886719s
2026-03-11 10:25:58,740 RW - vertex 101120. Time : 0.00011181831359863281s
2026-03-11 10:25:58,741 RW - vertex 35691. Time : 0.00012230873107910156s
2026-03-11 10:25:58,741 RW - vertex 26937. Time : 0.00011396408081054688s
2026-03-11 10:25:58,741 RW - vertex 44615. Time : 0.00011301040649414062s
2026-03-11 10:25:58,741 RW - vertex 23502. Time : 0.00010585784912109375s
2026-03-11 10:25:58,741 RW - vertex 30574. Time : 0.00011396408081054688s
2026-03-11 10:25:58,741 RW - vertex 24151. Time : 0.00011706352233886719s
2026-03-11 10:25:58,741 RW - vertex 30702. Time : 0.00011277198791503906s
2026-03-11 10:25:58,741 RW - vertex 16807. Time : 0.00010919570922851562s
2026-03-11 10:25:58,742 RW - vertex 117. Time : 0.00010228157043457031s
2026-03-11 10:25:58,742 RW - vertex 108604. Time : 0.00011706352233886719s
2026-03-11 10:25:58,742 RW - vertex 22104. Time : 0.00011491775512695312s
2026-03-11 10:25:58,742 RW - vertex 44162. Time : 0.00010991096496582031s
2026-03-11 10:25:58,742 RW - vertex 109595. Time : 0.00011086463928222656s
2026-03-11 10:25:58,742 RW - vertex 16751. Time : 0.00011777877807617188s
2026-03-11 10:25:58,742 RW - vertex 21916. Time : 0.00010275840759277344s
2026-03-11 10:25:58,742 RW - vertex 30824. Time : 0.00011420249938964844s
2026-03-11 10:25:58,742 RW - vertex 30659. Time : 0.00011372566223144531s
2026-03-11 10:25:58,743 RW - vertex 39960. Time : 0.00011730194091796875s
2026-03-11 10:25:58,743 RW - vertex 16898. Time : 0.00011396408081054688s
2026-03-11 10:25:58,743 RW - vertex 342. Time : 0.00011682510375976562s
2026-03-11 10:25:58,743 RW - vertex 46042. Time : 0.00011181831359863281s
2026-03-11 10:25:58,743 RW - vertex 26934. Time : 0.00010704994201660156s
2026-03-11 10:25:58,743 RW - vertex 26822. Time : 0.00011706352233886719s
2026-03-11 10:25:58,743 RW - vertex 16851. Time : 0.00010704994201660156s
2026-03-11 10:25:58,743 RW - vertex 9507. Time : 0.00011396408081054688s
2026-03-11 10:25:58,744 RW - vertex 30680. Time : 0.0001049041748046875s
2026-03-11 10:25:58,744 RW - vertex 15388. Time : 0.00011396408081054688s
2026-03-11 10:25:58,744 RW - vertex 16776. Time : 0.00011491775512695312s
2026-03-11 10:25:58,744 RW - vertex 30580. Time : 0.00011801719665527344s
2026-03-11 10:25:58,744 RW - vertex 16728. Time : 0.00010704994201660156s
2026-03-11 10:25:58,744 RW - vertex 22367. Time : 0.00011968612670898438s
2026-03-11 10:25:58,744 RW - vertex 27500. Time : 0.00011086463928222656s
2026-03-11 10:25:58,744 RW - vertex 49844. Time : 0.000125885009765625s
2026-03-11 10:25:58,745 RW - vertex 4956. Time : 0.00010514259338378906s
2026-03-11 10:25:58,745 RW - vertex 16843. Time : 0.00011706352233886719s
2026-03-11 10:25:58,745 RW - vertex 37060. Time : 0.00011181831359863281s
2026-03-11 10:25:58,745 RW - vertex 30854. Time : 0.0001163482666015625s
2026-03-11 10:25:58,745 RW - vertex 30849. Time : 0.00011110305786132812s
2026-03-11 10:25:58,745 RW - vertex 4965. Time : 0.00010919570922851562s
2026-03-11 10:25:58,745 RW - vertex 30888. Time : 0.00011086463928222656s
2026-03-11 10:25:58,745 RW - vertex 16742. Time : 0.00011992454528808594s
2026-03-11 10:25:58,745 RW - vertex 2929. Time : 0.00011706352233886719s
2026-03-11 10:25:58,746 RW - vertex 22385. Time : 0.00011110305786132812s
2026-03-11 10:25:58,746 RW - vertex 16741. Time : 0.00010991096496582031s
2026-03-11 10:25:58,746 RW - vertex 4944. Time : 0.00011396408081054688s
2026-03-11 10:25:58,746 RW - vertex 30573. Time : 0.00012111663818359375s
2026-03-11 10:25:58,746 RW - vertex 23967. Time : 0.00010919570922851562s
2026-03-11 10:25:58,746 RW - vertex 105713. Time : 0.00011587142944335938s
2026-03-11 10:25:58,746 RW - vertex 9480. Time : 0.00010895729064941406s
2026-03-11 10:25:58,746 RW - vertex 26203. Time : 0.00011086463928222656s
2026-03-11 10:25:58,747 RW - vertex 100849. Time : 0.00010800361633300781s
2026-03-11 10:25:58,747 RW - vertex 23001. Time : 0.00010704994201660156s
2026-03-11 10:25:58,747 RW - vertex 16849. Time : 0.00011110305786132812s
2026-03-11 10:25:58,747 RW - vertex 22373. Time : 0.00011491775512695312s
2026-03-11 10:25:58,747 RW - vertex 102326. Time : 0.00010919570922851562s
2026-03-11 10:25:58,747 RW - vertex 21872. Time : 0.00011515617370605469s
2026-03-11 10:25:58,747 RW - vertex 30751. Time : 0.0001010894775390625s
2026-03-11 10:25:58,747 RW - vertex 2567. Time : 0.0001227855682373047s
2026-03-11 10:25:58,748 RW - vertex 9466. Time : 0.00010919570922851562s
2026-03-11 10:25:58,748 RW - vertex 100976. Time : 0.00011706352233886719s
2026-03-11 10:25:58,748 RW - vertex 16709. Time : 0.00011086463928222656s
2026-03-11 10:25:58,748 RW - vertex 30708. Time : 0.00012493133544921875s
2026-03-11 10:25:58,748 RW - vertex 30724. Time : 0.00011920928955078125s
2026-03-11 10:25:58,748 RW - vertex 4109. Time : 0.00011897087097167969s
2026-03-11 10:25:58,748 RW - vertex 46135. Time : 0.00010704994201660156s
2026-03-11 10:25:58,748 RW - vertex 26939. Time : 0.00010538101196289062s
2026-03-11 10:25:58,749 RW - vertex 38285. Time : 0.00011181831359863281s
2026-03-11 10:25:58,749 RW - vertex 48919. Time : 0.00010585784912109375s
2026-03-11 10:25:58,749 RW - vertex 3680. Time : 0.00011205673217773438s
2026-03-11 10:25:58,749 RW - vertex 44662. Time : 0.00011777877807617188s
2026-03-11 10:25:58,749 RW - vertex 36405. Time : 0.00010967254638671875s
2026-03-11 10:25:58,749 RW - vertex 2938. Time : 0.00011682510375976562s
2026-03-11 10:25:58,749 RW - vertex 41237. Time : 0.00010800361633300781s
2026-03-11 10:25:58,749 RW - vertex 26688. Time : 0.00011491775512695312s
2026-03-11 10:25:58,749 RW - vertex 15325. Time : 0.00011086463928222656s
2026-03-11 10:25:58,750 RW - vertex 3879. Time : 0.00010991096496582031s
2026-03-11 10:25:58,750 RW - vertex 27477. Time : 0.0001010894775390625s
2026-03-11 10:25:58,750 RW - vertex 30886. Time : 0.00011801719665527344s
2026-03-11 10:25:58,750 RW - vertex 5004. Time : 0.00010704994201660156s
2026-03-11 10:25:58,750 RW - vertex 48587. Time : 0.00011515617370605469s
2026-03-11 10:25:58,750 RW - vertex 49169. Time : 0.00011301040649414062s
2026-03-11 10:25:58,750 RW - vertex 39957. Time : 0.00011086463928222656s
2026-03-11 10:25:58,750 RW - vertex 30681. Time : 0.00011920928955078125s
2026-03-11 10:25:58,751 RW - vertex 1009. Time : 0.00011110305786132812s
2026-03-11 10:25:58,751 RW - vertex 16583. Time : 0.00011301040649414062s
2026-03-11 10:25:58,751 RW - vertex 44149. Time : 0.00011491775512695312s
2026-03-11 10:25:58,751 RW - vertex 26947. Time : 0.00012493133544921875s
2026-03-11 10:25:58,751 RW - vertex 41718. Time : 0.00010609626770019531s
2026-03-11 10:25:58,751 RW - vertex 37058. Time : 0.0001270771026611328s
2026-03-11 10:25:58,751 RW - vertex 30588. Time : 0.00010991096496582031s
2026-03-11 10:25:58,751 RW - vertex 30865. Time : 0.00011801719665527344s
2026-03-11 10:25:58,752 RW - vertex 820. Time : 0.00011706352233886719s
2026-03-11 10:25:58,752 RW - vertex 39318. Time : 0.00010800361633300781s
2026-03-11 10:25:58,752 RW - vertex 16716. Time : 0.00011372566223144531s
2026-03-11 10:25:58,752 RW - vertex 43834. Time : 0.00011587142944335938s
2026-03-11 10:25:58,752 RW - vertex 24105. Time : 0.00010514259338378906s
2026-03-11 10:25:58,752 RW - vertex 30807. Time : 0.00010895729064941406s
2026-03-11 10:25:58,752 RW - vertex 778. Time : 0.00011610984802246094s
2026-03-11 10:25:58,752 RW - vertex 30720. Time : 0.00011897087097167969s
2026-03-11 10:25:58,753 RW - vertex 30577. Time : 0.00011277198791503906s
2026-03-11 10:25:58,753 RW - vertex 45111. Time : 0.00011372566223144531s
2026-03-11 10:25:58,753 RW - vertex 817. Time : 0.00010895729064941406s
2026-03-11 10:25:58,753 RW - vertex 54526. Time : 0.00011181831359863281s
2026-03-11 10:25:58,753 RW - vertex 39954. Time : 0.0001239776611328125s
2026-03-11 10:25:58,753 RW - vertex 23492. Time : 0.00011014938354492188s
2026-03-11 10:25:58,753 RW - vertex 30692. Time : 0.00011014938354492188s
2026-03-11 10:25:58,753 RW - vertex 47586. Time : 0.00011014938354492188s
2026-03-11 10:25:58,753 RW - vertex 30682. Time : 0.00011706352233886719s
2026-03-11 10:25:58,754 RW - vertex 23528. Time : 0.00011801719665527344s
2026-03-11 10:25:58,754 RW - vertex 16828. Time : 0.00011301040649414062s
2026-03-11 10:25:58,754 RW - vertex 9460. Time : 0.00011229515075683594s
2026-03-11 10:25:58,754 RW - vertex 3717. Time : 0.00011372566223144531s
2026-03-11 10:25:58,754 RW - vertex 16585. Time : 0.00010585784912109375s
2026-03-11 10:25:58,754 RW - vertex 16866. Time : 0.00011372566223144531s
2026-03-11 10:25:58,754 RW - vertex 44576. Time : 0.00013303756713867188s
2026-03-11 10:25:58,754 RW - vertex 9477. Time : 0.00012111663818359375s
2026-03-11 10:25:58,755 RW - vertex 16814. Time : 0.00011110305786132812s
2026-03-11 10:25:58,755 RW - vertex 1273. Time : 0.00011801719665527344s
2026-03-11 10:25:58,755 RW - vertex 41832. Time : 0.00010800361633300781s
2026-03-11 10:25:58,755 RW - vertex 44170. Time : 0.00010514259338378906s
2026-03-11 10:25:58,755 RW - vertex 16798. Time : 0.00011086463928222656s
2026-03-11 10:25:58,755 RW - vertex 16901. Time : 0.00011301040649414062s
2026-03-11 10:25:58,755 RW - vertex 30809. Time : 0.00012111663818359375s
2026-03-11 10:25:58,755 RW - vertex 16715. Time : 0.00011706352233886719s
2026-03-11 10:25:58,756 RW - vertex 30607. Time : 0.00011181831359863281s
2026-03-11 10:25:58,756 RW - vertex 44152. Time : 0.00011229515075683594s
2026-03-11 10:25:58,756 RW - vertex 30874. Time : 0.00012302398681640625s
2026-03-11 10:25:58,756 RW - vertex 47085. Time : 0.00011491775512695312s
2026-03-11 10:25:58,756 RW - vertex 3487. Time : 0.00011801719665527344s
2026-03-11 10:25:58,756 RW - vertex 26693. Time : 0.0001232624053955078s
2026-03-11 10:25:58,756 RW - vertex 39950. Time : 0.00011205673217773438s
2026-03-11 10:25:58,756 RW - vertex 39942. Time : 0.0001201629638671875s
2026-03-11 10:25:58,757 RW - vertex 49210. Time : 0.00011205673217773438s
2026-03-11 10:25:58,757 RW - vertex 30753. Time : 0.00010967254638671875s
2026-03-11 10:25:58,757 RW - vertex 44165. Time : 0.00010967254638671875s
2026-03-11 10:25:58,757 RW - vertex 109425. Time : 0.00010800361633300781s
2026-03-11 10:25:58,757 RW - vertex 46302. Time : 0.0001239776611328125s
2026-03-11 10:25:58,757 RW - vertex 16819. Time : 0.00011801719665527344s
2026-03-11 10:25:58,757 RW - vertex 45211. Time : 0.00011396408081054688s
2026-03-11 10:25:58,757 RW - vertex 40966. Time : 0.00010991096496582031s
2026-03-11 10:25:58,758 RW - vertex 16413. Time : 9.799003601074219e-05s
2026-03-11 10:25:58,758 RW - vertex 30592. Time : 0.0001010894775390625s
2026-03-11 10:25:58,758 RW - vertex 16785. Time : 0.00011110305786132812s
2026-03-11 10:25:58,758 RW - vertex 121. Time : 0.00011086463928222656s
2026-03-11 10:25:58,758 RW - vertex 3244. Time : 0.00011801719665527344s
2026-03-11 10:25:58,758 RW - vertex 23524. Time : 0.00011086463928222656s
2026-03-11 10:25:58,758 RW - vertex 24108. Time : 0.00010585784912109375s
2026-03-11 10:25:58,758 RW - vertex 21998. Time : 0.00011086463928222656s
2026-03-11 10:25:58,758 RW - vertex 41233. Time : 0.0001049041748046875s
2026-03-11 10:25:58,759 RW - vertex 4348. Time : 0.00010991096496582031s
2026-03-11 10:25:58,759 RW - vertex 30686. Time : 0.00010395050048828125s
2026-03-11 10:25:58,759 RW - vertex 30717. Time : 0.00010800361633300781s
2026-03-11 10:25:58,759 RW - vertex 24104. Time : 0.00011086463928222656s
2026-03-11 10:25:58,759 RW - vertex 30749. Time : 0.00011992454528808594s
2026-03-11 10:25:58,759 RW - vertex 27508. Time : 0.00011420249938964844s
2026-03-11 10:25:58,759 RW - vertex 30582. Time : 0.00011396408081054688s
2026-03-11 10:25:58,759 RW - vertex 16580. Time : 0.00010704994201660156s
2026-03-11 10:25:58,760 RW - vertex 39965. Time : 0.00012302398681640625s
2026-03-11 10:25:58,760 RW - vertex 4214. Time : 0.00011873245239257812s
2026-03-11 10:25:58,760 RW - vertex 26946. Time : 0.00011873245239257812s
2026-03-11 10:25:58,760 RW - vertex 749. Time : 0.00011301040649414062s
2026-03-11 10:25:58,760 RW - vertex 37512. Time : 0.00012111663818359375s
2026-03-11 10:25:58,760 RW - vertex 49409. Time : 0.00011491775512695312s
2026-03-11 10:25:58,760 RW - vertex 30858. Time : 0.00012993812561035156s
2026-03-11 10:25:58,760 RW - vertex 33512. Time : 0.00011587142944335938s
2026-03-11 10:25:58,761 RW - vertex 40703. Time : 0.00011181831359863281s
2026-03-11 10:25:58,761 RW - vertex 26184. Time : 0.0001232624053955078s
2026-03-11 10:25:58,761 RW - vertex 30765. Time : 0.00011396408081054688s
2026-03-11 10:25:58,761 RW - vertex 3480. Time : 0.00011801719665527344s
2026-03-11 10:25:58,761 RW - vertex 46325. Time : 0.00011301040649414062s
2026-03-11 10:25:58,761 RW - vertex 30811. Time : 0.00012111663818359375s
2026-03-11 10:25:58,761 RW - vertex 26199. Time : 0.00012636184692382812s
2026-03-11 10:25:58,761 RW - vertex 2611. Time : 0.0001399517059326172s
2026-03-11 10:25:58,762 RW - vertex 30767. Time : 0.0001468658447265625s
2026-03-11 10:25:58,762 RW - vertex 21599. Time : 0.00012803077697753906s
2026-03-11 10:25:58,762 RW - vertex 46452. Time : 0.0001461505889892578s
2026-03-11 10:25:58,762 RW - vertex 30870. Time : 0.0001418590545654297s
2026-03-11 10:25:58,762 RW - vertex 3671. Time : 0.00014519691467285156s
2026-03-11 10:25:58,762 RW - vertex 16737. Time : 0.00015306472778320312s
2026-03-11 10:25:58,763 RW - vertex 16714. Time : 0.00014400482177734375s
2026-03-11 10:25:58,763 RW - vertex 102820. Time : 0.00011420249938964844s
2026-03-11 10:25:58,763 RW - vertex 23522. Time : 0.00011897087097167969s
2026-03-11 10:25:58,763 RW - vertex 26949. Time : 0.00013327598571777344s
2026-03-11 10:25:58,763 RW - vertex 26938. Time : 0.0001227855682373047s
2026-03-11 10:25:58,763 RW - vertex 39123. Time : 0.00011968612670898438s
2026-03-11 10:25:58,763 RW - vertex 30744. Time : 0.0001220703125s
2026-03-11 10:25:58,763 RW - vertex 16865. Time : 0.0001270771026611328s
2026-03-11 10:25:58,764 RW - vertex 26924. Time : 0.0001227855682373047s
2026-03-11 10:25:58,764 RW - vertex 16768. Time : 0.00013303756713867188s
2026-03-11 10:25:58,764 RW - vertex 30773. Time : 0.0001232624053955078s
2026-03-11 10:25:58,764 RW - vertex 30832. Time : 0.00013017654418945312s
2026-03-11 10:25:58,764 RW - vertex 717. Time : 0.00012803077697753906s
2026-03-11 10:25:58,764 RW - vertex 16745. Time : 0.0001342296600341797s
2026-03-11 10:25:58,764 RW - vertex 16792. Time : 0.0001327991485595703s
2026-03-11 10:25:58,765 RW - vertex 23267. Time : 0.0001227855682373047s
2026-03-11 10:25:58,765 RW - vertex 24168. Time : 0.00013899803161621094s
2026-03-11 10:25:58,765 RW - vertex 30690. Time : 0.00012302398681640625s
2026-03-11 10:25:58,765 RW - vertex 46468. Time : 0.0001220703125s
2026-03-11 10:25:58,765 RW - vertex 44148. Time : 0.00012493133544921875s
2026-03-11 10:25:58,765 RW - vertex 3692. Time : 0.00012993812561035156s
2026-03-11 10:25:58,765 RW - vertex 30761. Time : 0.0001308917999267578s
2026-03-11 10:25:58,766 RW - vertex 16868. Time : 0.00013589859008789062s
2026-03-11 10:25:58,766 RW - vertex 30833. Time : 0.00012993812561035156s
2026-03-11 10:25:58,766 RW - vertex 30752. Time : 0.00011277198791503906s
2026-03-11 10:25:58,766 RW - vertex 49233. Time : 0.00011968612670898438s
2026-03-11 10:25:58,766 RW - vertex 30709. Time : 0.00013494491577148438s
2026-03-11 10:25:58,766 RW - vertex 16726. Time : 0.0001308917999267578s
2026-03-11 10:25:58,766 RW - vertex 16789. Time : 0.00011682510375976562s
2026-03-11 10:25:58,766 RW - vertex 2505. Time : 0.00013184547424316406s
2026-03-11 10:25:58,767 RW - vertex 36611. Time : 0.00011801719665527344s
2026-03-11 10:25:58,767 RW - vertex 16810. Time : 0.00012612342834472656s
2026-03-11 10:25:58,767 RW - vertex 36402. Time : 0.00011706352233886719s
2026-03-11 10:25:58,767 RW - vertex 34520. Time : 0.00010800361633300781s
2026-03-11 10:25:58,767 RW - vertex 30787. Time : 0.0001220703125s
2026-03-11 10:25:58,767 RW - vertex 23518. Time : 0.00013685226440429688s
2026-03-11 10:25:58,767 RW - vertex 26926. Time : 0.00013375282287597656s
2026-03-11 10:25:58,767 RW - vertex 30806. Time : 0.00012421607971191406s
2026-03-11 10:25:58,768 RW - vertex 39929. Time : 0.00012302398681640625s
2026-03-11 10:25:58,768 RW - vertex 21990. Time : 0.00013589859008789062s
2026-03-11 10:25:58,768 RW - vertex 48758. Time : 0.0001220703125s
2026-03-11 10:25:58,768 RW - vertex 39944. Time : 0.0001239776611328125s
2026-03-11 10:25:58,768 RW - vertex 22374. Time : 0.0001308917999267578s
2026-03-11 10:25:58,768 RW - vertex 9508. Time : 0.00014281272888183594s
2026-03-11 10:25:58,768 RW - vertex 2994. Time : 0.00012111663818359375s
2026-03-11 10:25:58,769 RW - vertex 30763. Time : 0.0001342296600341797s
2026-03-11 10:25:58,769 RW - vertex 16777. Time : 0.00012493133544921875s
2026-03-11 10:25:58,769 RW - vertex 34. Time : 0.00013518333435058594s
2026-03-11 10:25:58,769 RW - vertex 43468. Time : 0.000125885009765625s
2026-03-11 10:25:58,769 RW - vertex 16721. Time : 0.00012636184692382812s
2026-03-11 10:25:58,769 RW - vertex 16723. Time : 0.0001380443572998047s
2026-03-11 10:25:58,769 RW - vertex 2697. Time : 0.00013208389282226562s
2026-03-11 10:25:58,770 RW - vertex 35694. Time : 0.00011229515075683594s
2026-03-11 10:25:58,770 RW - vertex 48281. Time : 0.00012087821960449219s
2026-03-11 10:25:58,770 RW - vertex 236. Time : 0.0001289844512939453s
2026-03-11 10:25:58,770 RW - vertex 42030. Time : 0.0001277923583984375s
2026-03-11 10:25:58,770 RW - vertex 16827. Time : 0.00013303756713867188s
2026-03-11 10:25:58,770 RW - vertex 47704. Time : 0.00011301040649414062s
2026-03-11 10:25:58,770 RW - vertex 3667. Time : 0.00012493133544921875s
2026-03-11 10:25:58,770 RW - vertex 48178. Time : 0.000125885009765625s
2026-03-11 10:25:58,771 RW - vertex 49879. Time : 0.00012874603271484375s
2026-03-11 10:25:58,771 RW - vertex 30799. Time : 0.00013184547424316406s
2026-03-11 10:25:58,771 RW - vertex 35631. Time : 0.00011181831359863281s
2026-03-11 10:25:58,771 RW - vertex 42963. Time : 0.0001201629638671875s
2026-03-11 10:25:58,771 RW - vertex 26923. Time : 0.00011801719665527344s
2026-03-11 10:25:58,771 RW - vertex 30703. Time : 0.00014090538024902344s
2026-03-11 10:25:58,771 RW - vertex 16896. Time : 0.00012683868408203125s
2026-03-11 10:25:58,772 RW - vertex 5070. Time : 0.0001399517059326172s
2026-03-11 10:25:58,772 RW - vertex 22069. Time : 0.00010800361633300781s
2026-03-11 10:25:58,772 RW - vertex 27290. Time : 0.00011897087097167969s
2026-03-11 10:25:58,772 RW - vertex 47041. Time : 0.0001232624053955078s
2026-03-11 10:25:58,772 RW - vertex 2619. Time : 0.00011801719665527344s
2026-03-11 10:25:58,772 RW - vertex 45560. Time : 0.0001201629638671875s
2026-03-11 10:25:58,772 RW - vertex 30819. Time : 0.0001289844512939453s
2026-03-11 10:25:58,772 RW - vertex 30583. Time : 0.0001270771026611328s
2026-03-11 10:25:58,773 RW - vertex 107919. Time : 0.00013494491577148438s
2026-03-11 10:25:58,773 RW - vertex 3619. Time : 0.000125885009765625s
2026-03-11 10:25:58,773 RW - vertex 30741. Time : 0.00013399124145507812s
2026-03-11 10:25:58,773 RW - vertex 46587. Time : 0.00011706352233886719s
2026-03-11 10:25:58,773 RW - vertex 40701. Time : 0.0001270771026611328s
2026-03-11 10:25:58,773 RW - vertex 30691. Time : 0.00011110305786132812s
2026-03-11 10:25:58,773 RW - vertex 47535. Time : 0.00011920928955078125s
2026-03-11 10:25:58,774 RW - vertex 16566. Time : 0.00012683868408203125s
2026-03-11 10:25:58,774 RW - vertex 30713. Time : 0.0001239776611328125s
2026-03-11 10:25:58,774 RW - vertex 37049. Time : 0.00011992454528808594s
2026-03-11 10:25:58,774 RW - vertex 16740. Time : 0.00012087821960449219s
2026-03-11 10:25:58,774 RW - vertex 30818. Time : 0.00013685226440429688s
2026-03-11 10:25:58,774 RW - vertex 54390. Time : 0.000125885009765625s
2026-03-11 10:25:58,774 RW - vertex 22372. Time : 0.00012803077697753906s
2026-03-11 10:25:58,774 RW - vertex 46849. Time : 0.00012493133544921875s
2026-03-11 10:25:58,775 RW - vertex 41238. Time : 0.00011801719665527344s
2026-03-11 10:25:58,775 RW - vertex 16736. Time : 0.00012183189392089844s
2026-03-11 10:25:58,775 RW - vertex 24083. Time : 0.00011491775512695312s
2026-03-11 10:25:58,775 RW - vertex 16905. Time : 0.00012612342834472656s
2026-03-11 10:25:58,775 RW - vertex 16694. Time : 0.00012111663818359375s
2026-03-11 10:25:58,775 RW - vertex 30820. Time : 0.00011706352233886719s
2026-03-11 10:25:58,775 RW - vertex 30566. Time : 0.00012803077697753906s
2026-03-11 10:25:58,775 RW - vertex 5855. Time : 0.00012803077697753906s
2026-03-11 10:25:58,776 RW - vertex 43158. Time : 0.0001270771026611328s
2026-03-11 10:25:58,776 RW - vertex 48207. Time : 0.00013017654418945312s
2026-03-11 10:25:58,776 RW - vertex 41525. Time : 0.0001289844512939453s
2026-03-11 10:25:58,776 RW - vertex 30676. Time : 0.0001251697540283203s
2026-03-11 10:25:58,776 RW - vertex 30826. Time : 0.0001277923583984375s
2026-03-11 10:25:58,776 RW - vertex 30714. Time : 0.00011110305786132812s
2026-03-11 10:25:58,776 RW - vertex 45207. Time : 0.00012683868408203125s
2026-03-11 10:25:58,777 RW - vertex 5000. Time : 0.00012063980102539062s
2026-03-11 10:25:58,777 RW - vertex 16766. Time : 0.00012612342834472656s
2026-03-11 10:25:58,777 RW - vertex 21887. Time : 0.00011706352233886719s
2026-03-11 10:25:58,777 RW - vertex 37074. Time : 0.00011801719665527344s
2026-03-11 10:25:58,777 RW - vertex 30855. Time : 0.0001220703125s
2026-03-11 10:25:58,777 RW - vertex 24158. Time : 0.00011706352233886719s
2026-03-11 10:25:58,777 RW - vertex 2683. Time : 0.00011706352233886719s
2026-03-11 10:25:58,777 RW - vertex 16727. Time : 0.00012493133544921875s
2026-03-11 10:25:58,778 RW - vertex 16839. Time : 0.00011920928955078125s
2026-03-11 10:25:58,778 RW - vertex 16907. Time : 0.00011205673217773438s
2026-03-11 10:25:58,778 RW - vertex 30866. Time : 0.00011920928955078125s
2026-03-11 10:25:58,778 RW - vertex 16572. Time : 0.00011897087097167969s
2026-03-11 10:25:58,778 RW - vertex 16574. Time : 0.00010323524475097656s
2026-03-11 10:25:58,778 RW - vertex 22042. Time : 0.00011610984802246094s
2026-03-11 10:25:58,778 RW - vertex 30700. Time : 0.00012421607971191406s
2026-03-11 10:25:58,778 RW - vertex 44501. Time : 0.00011920928955078125s
2026-03-11 10:25:58,779 RW - vertex 46503. Time : 0.00011682510375976562s
2026-03-11 10:25:58,779 RW - vertex 16801. Time : 0.0001239776611328125s
2026-03-11 10:25:58,779 RW - vertex 14483. Time : 0.00011992454528808594s
2026-03-11 10:25:58,779 RW - vertex 15483. Time : 0.0001232624053955078s
2026-03-11 10:25:58,779 RW - vertex 36632. Time : 0.00011992454528808594s
2026-03-11 10:25:58,779 RW - vertex 30869. Time : 0.000125885009765625s
2026-03-11 10:25:58,779 RW - vertex 49136. Time : 0.00011420249938964844s
2026-03-11 10:25:58,779 RW - vertex 30808. Time : 0.00012493133544921875s
2026-03-11 10:25:58,780 RW - vertex 16900. Time : 0.0001201629638671875s
2026-03-11 10:25:58,780 RW - vertex 22321. Time : 0.00013017654418945312s
2026-03-11 10:25:58,780 RW - vertex 16870. Time : 0.00012302398681640625s
2026-03-11 10:25:58,780 RW - vertex 30827. Time : 0.00011515617370605469s
2026-03-11 10:25:58,780 RW - vertex 26932. Time : 0.00011587142944335938s
2026-03-11 10:25:58,780 RW - vertex 28448. Time : 0.00012302398681640625s
2026-03-11 10:25:58,780 RW - vertex 27506. Time : 0.00011110305786132812s
2026-03-11 10:25:58,780 RW - vertex 30674. Time : 0.00012087821960449219s
2026-03-11 10:25:58,781 RW - vertex 16824. Time : 0.00011086463928222656s
2026-03-11 10:25:58,781 RW - vertex 30738. Time : 0.0001239776611328125s
2026-03-11 10:25:58,781 RW - vertex 107354. Time : 0.00011706352233886719s
2026-03-11 10:25:58,781 RW - vertex 30785. Time : 0.00011873245239257812s
2026-03-11 10:25:58,781 RW - vertex 41241. Time : 0.00011181831359863281s
2026-03-11 10:25:58,781 RW - vertex 41104. Time : 0.00013303756713867188s
2026-03-11 10:25:58,781 RW - vertex 16576. Time : 0.00011491775512695312s
2026-03-11 10:25:58,782 RW - vertex 1432. Time : 0.00012683868408203125s
2026-03-11 10:25:58,782 RW - vertex 30701. Time : 0.00012421607971191406s
2026-03-11 10:25:58,782 RW - vertex 5850. Time : 0.0001239776611328125s
2026-03-11 10:25:58,782 RW - vertex 27491. Time : 0.0001380443572998047s
2026-03-11 10:25:58,782 RW - vertex 24065. Time : 0.00012230873107910156s
2026-03-11 10:25:58,783 RW - vertex 2524. Time : 0.00013494491577148438s
2026-03-11 10:25:58,783 RW - vertex 43048. Time : 0.00010704994201660156s
2026-03-11 10:25:58,783 RW - vertex 49430. Time : 0.0001270771026611328s
2026-03-11 10:25:58,783 RW - vertex 37800. Time : 0.000125885009765625s
2026-03-11 10:25:58,783 RW - vertex 44647. Time : 0.00011801719665527344s
2026-03-11 10:25:58,783 RW - vertex 22380. Time : 0.00010991096496582031s
2026-03-11 10:25:58,783 RW - vertex 37523. Time : 0.00011587142944335938s
2026-03-11 10:25:58,784 RW - vertex 3522. Time : 0.00015282630920410156s
2026-03-11 10:25:58,784 RW - vertex 49562. Time : 0.00014400482177734375s
2026-03-11 10:25:58,784 RW - vertex 39948. Time : 0.0001342296600341797s
2026-03-11 10:25:58,784 RW - vertex 9478. Time : 0.00014781951904296875s
2026-03-11 10:25:58,784 RW - vertex 21894. Time : 0.00014901161193847656s
2026-03-11 10:25:58,784 RW - vertex 1245. Time : 0.00014019012451171875s
2026-03-11 10:25:58,784 RW - vertex 779. Time : 0.00013494491577148438s
2026-03-11 10:25:58,785 RW - vertex 30745. Time : 0.0001499652862548828s
2026-03-11 10:25:58,785 RW - vertex 30570. Time : 0.00012874603271484375s
2026-03-11 10:25:58,785 RW - vertex 30801. Time : 0.00012183189392089844s
2026-03-11 10:25:58,785 RW - vertex 16688. Time : 0.0001163482666015625s
2026-03-11 10:25:58,785 RW - vertex 44169. Time : 0.00012087821960449219s
2026-03-11 10:25:58,785 RW - vertex 49137. Time : 0.00013399124145507812s
2026-03-11 10:25:58,785 RW - vertex 30762. Time : 0.00013709068298339844s
2026-03-11 10:25:58,786 RW - vertex 38271. Time : 0.00011491775512695312s
2026-03-11 10:25:58,786 RW - vertex 30814. Time : 0.0001361370086669922s
2026-03-11 10:25:58,786 RW - vertex 16844. Time : 0.00011873245239257812s
2026-03-11 10:25:58,786 RW - vertex 22375. Time : 0.00011968612670898438s
2026-03-11 10:25:58,786 RW - vertex 43142. Time : 0.0001270771026611328s
2026-03-11 10:25:58,786 RW - vertex 16724. Time : 0.0001232624053955078s
2026-03-11 10:25:58,786 RW - vertex 16892. Time : 0.00013113021850585938s
2026-03-11 10:25:58,786 RW - vertex 3674. Time : 0.0001270771026611328s
2026-03-11 10:25:58,787 RW - vertex 40992. Time : 0.0001270771026611328s
2026-03-11 10:25:58,787 RW - vertex 16846. Time : 0.00013399124145507812s
2026-03-11 10:25:58,787 RW - vertex 30711. Time : 0.00012993812561035156s
2026-03-11 10:25:58,787 RW - vertex 30846. Time : 0.00013017654418945312s
2026-03-11 10:25:58,787 RW - vertex 102023. Time : 0.0001232624053955078s
2026-03-11 10:25:58,787 RW - vertex 44732. Time : 0.00013589859008789062s
2026-03-11 10:25:58,787 RW - vertex 30684. Time : 0.00011873245239257812s
2026-03-11 10:25:58,788 RW - vertex 486. Time : 0.00013184547424316406s
2026-03-11 10:25:58,788 RW - vertex 44164. Time : 0.0001270771026611328s
2026-03-11 10:25:58,788 RW - vertex 30758. Time : 0.00012183189392089844s
2026-03-11 10:25:58,788 RW - vertex 106781. Time : 0.00011301040649414062s
2026-03-11 10:25:58,788 RW - vertex 3033. Time : 0.00012803077697753906s
2026-03-11 10:25:58,788 RW - vertex 16871. Time : 0.0001270771026611328s
2026-03-11 10:25:58,788 RW - vertex 16788. Time : 0.00012302398681640625s
2026-03-11 10:25:58,788 RW - vertex 44155. Time : 0.00013589859008789062s
2026-03-11 10:25:58,789 RW - vertex 44163. Time : 0.00012683868408203125s
2026-03-11 10:25:58,789 RW - vertex 30830. Time : 0.0001430511474609375s
2026-03-11 10:25:58,789 RW - vertex 16761. Time : 0.0001361370086669922s
2026-03-11 10:25:58,789 RW - vertex 39947. Time : 0.00012183189392089844s
2026-03-11 10:25:58,789 RW - vertex 24088. Time : 0.0001239776611328125s
2026-03-11 10:25:58,789 RW - vertex 22384. Time : 0.00013113021850585938s
2026-03-11 10:25:58,789 RW - vertex 46772. Time : 0.0001323223114013672s
2026-03-11 10:25:58,790 RW - vertex 22378. Time : 0.00013685226440429688s
2026-03-11 10:25:58,790 RW - vertex 16822. Time : 0.0001239776611328125s
2026-03-11 10:25:58,790 RW - vertex 16850. Time : 0.0001327991485595703s
2026-03-11 10:25:58,790 RW - vertex 33406. Time : 0.0001289844512939453s
2026-03-11 10:25:58,790 RW - vertex 45615. Time : 0.0001327991485595703s
2026-03-11 10:25:58,790 RW - vertex 30732. Time : 0.00012803077697753906s
2026-03-11 10:25:58,790 RW - vertex 39943. Time : 0.00012493133544921875s
2026-03-11 10:25:58,791 RW - vertex 3559. Time : 0.0001342296600341797s
2026-03-11 10:25:58,791 RW - vertex 46495. Time : 0.00013303756713867188s
2026-03-11 10:25:58,791 RW - vertex 16875. Time : 0.0001316070556640625s
2026-03-11 10:25:58,791 RW - vertex 4510. Time : 0.000125885009765625s
2026-03-11 10:25:58,791 RW - vertex 26675. Time : 0.00013208389282226562s
2026-03-11 10:25:58,791 RW - vertex 16874. Time : 0.00012683868408203125s
2026-03-11 10:25:58,791 RW - vertex 4029. Time : 0.0001277923583984375s
2026-03-11 10:25:58,792 RW - vertex 3602. Time : 0.00012421607971191406s
2026-03-11 10:25:58,792 RW - vertex 106356. Time : 0.00013113021850585938s
2026-03-11 10:25:58,792 RW - vertex 23525. Time : 0.00013494491577148438s
2026-03-11 10:25:58,792 RW - vertex 30699. Time : 0.00011587142944335938s
2026-03-11 10:25:58,792 RW - vertex 48915. Time : 0.000125885009765625s
2026-03-11 10:25:58,792 RW - vertex 44151. Time : 0.0001289844512939453s
2026-03-11 10:25:58,792 RW - vertex 9464. Time : 0.00012087821960449219s
2026-03-11 10:25:58,792 RW - vertex 109051. Time : 0.00013208389282226562s
2026-03-11 10:25:58,793 RW - vertex 22022. Time : 0.00011301040649414062s
2026-03-11 10:25:58,793 RW - vertex 16878. Time : 0.00012111663818359375s
2026-03-11 10:25:58,793 RW - vertex 30689. Time : 0.00013113021850585938s
2026-03-11 10:25:58,793 RW - vertex 3222. Time : 0.0001251697540283203s
2026-03-11 10:25:58,793 RW - vertex 3248. Time : 0.00012803077697753906s
2026-03-11 10:25:58,793 RW - vertex 4059. Time : 0.0001347064971923828s
2026-03-11 10:25:58,793 RW - vertex 102560. Time : 0.00012087821960449219s
2026-03-11 10:25:58,794 RW - vertex 30586. Time : 0.00012302398681640625s
2026-03-11 10:25:58,794 RW - vertex 3077. Time : 0.00012993812561035156s
2026-03-11 10:25:58,794 RW - vertex 36749. Time : 0.0001251697540283203s
2026-03-11 10:25:58,794 RW - vertex 30812. Time : 0.00013399124145507812s
2026-03-11 10:25:58,794 RW - vertex 4561. Time : 0.00011610984802246094s
2026-03-11 10:25:58,794 RW - vertex 30737. Time : 0.00011682510375976562s
2026-03-11 10:25:58,794 RW - vertex 16811. Time : 0.0001342296600341797s
2026-03-11 10:25:58,794 RW - vertex 54587. Time : 0.0001270771026611328s
2026-03-11 10:25:58,795 RW - vertex 16725. Time : 0.00013208389282226562s
2026-03-11 10:25:58,795 RW - vertex 44664. Time : 0.0001227855682373047s
2026-03-11 10:25:58,795 RW - vertex 24888. Time : 0.0001227855682373047s
2026-03-11 10:25:58,795 RW - vertex 44147. Time : 0.00012922286987304688s
2026-03-11 10:25:58,795 RW - vertex 25065. Time : 0.00012493133544921875s
2026-03-11 10:25:58,795 RW - vertex 30735. Time : 0.00012111663818359375s
2026-03-11 10:25:58,795 RW - vertex 30757. Time : 0.00011610984802246094s
2026-03-11 10:25:58,796 RW - vertex 39374. Time : 0.00013113021850585938s
2026-03-11 10:25:58,796 RW - vertex 3225. Time : 0.00011420249938964844s
2026-03-11 10:25:58,796 RW - vertex 27490. Time : 0.00013113021850585938s
2026-03-11 10:25:58,796 RW - vertex 36365. Time : 0.00013494491577148438s
2026-03-11 10:25:58,796 RW - vertex 9461. Time : 0.00011706352233886719s
2026-03-11 10:25:58,796 RW - vertex 39792. Time : 0.00012183189392089844s
2026-03-11 10:25:58,796 RW - vertex 30661. Time : 0.00012493133544921875s
2026-03-11 10:25:58,796 RW - vertex 16735. Time : 0.00010704994201660156s
2026-03-11 10:25:58,797 RW - vertex 39848. Time : 0.00012731552124023438s
2026-03-11 10:25:58,797 RW - vertex 30868. Time : 0.00011706352233886719s
2026-03-11 10:25:58,797 RW - vertex 39959. Time : 0.00011801719665527344s
2026-03-11 10:25:58,797 RW - vertex 30779. Time : 0.00013113021850585938s
2026-03-11 10:25:58,797 RW - vertex 30790. Time : 0.0001201629638671875s
2026-03-11 10:25:58,797 RW - vertex 30890. Time : 0.0001201629638671875s
2026-03-11 10:25:58,797 RW - vertex 49839. Time : 0.00013518333435058594s
2026-03-11 10:25:58,797 RW - vertex 39981. Time : 0.00012493133544921875s
2026-03-11 10:25:58,798 RW - vertex 4353. Time : 0.00011420249938964844s
2026-03-11 10:25:58,798 RW - vertex 30815. Time : 0.0001227855682373047s
2026-03-11 10:25:58,798 RW - vertex 44789. Time : 0.00012493133544921875s
2026-03-11 10:25:58,798 RW - vertex 46659. Time : 0.00012993812561035156s
2026-03-11 10:25:58,798 RW - vertex 16800. Time : 0.00011706352233886719s
2026-03-11 10:25:58,798 RW - vertex 30857. Time : 0.00012087821960449219s
2026-03-11 10:25:58,798 RW - vertex 16772. Time : 0.00011897087097167969s
2026-03-11 10:25:58,799 RW - vertex 5747. Time : 0.00013327598571777344s
2026-03-11 10:25:58,799 RW - vertex 108468. Time : 0.00013709068298339844s
2026-03-11 10:25:58,799 RW - vertex 4954. Time : 0.00011587142944335938s
2026-03-11 10:25:58,799 RW - vertex 22901. Time : 0.00011897087097167969s
2026-03-11 10:25:58,799 RW - vertex 30780. Time : 0.00012612342834472656s
2026-03-11 10:25:58,799 RW - vertex 9481. Time : 0.00012302398681640625s
2026-03-11 10:25:58,799 RW - vertex 48269. Time : 0.00012803077697753906s
2026-03-11 10:25:58,799 RW - vertex 33392. Time : 0.00012111663818359375s
2026-03-11 10:25:58,800 RW - vertex 16743. Time : 0.00013208389282226562s
2026-03-11 10:25:58,800 RW - vertex 4338. Time : 0.00011920928955078125s
2026-03-11 10:25:58,800 RW - vertex 41791. Time : 0.00012302398681640625s
2026-03-11 10:25:58,800 RW - vertex 42011. Time : 0.00012111663818359375s
2026-03-11 10:25:58,800 RW - vertex 30782. Time : 0.00011897087097167969s
2026-03-11 10:25:58,800 RW - vertex 39940. Time : 0.0001239776611328125s
2026-03-11 10:25:58,800 RW - vertex 30688. Time : 0.00012087821960449219s
2026-03-11 10:25:58,801 RW - vertex 30697. Time : 0.000125885009765625s
2026-03-11 10:25:58,801 RW - vertex 44166. Time : 0.00012493133544921875s
2026-03-11 10:25:58,801 RW - vertex 46175. Time : 0.0001316070556640625s
2026-03-11 10:25:58,801 RW - vertex 102664. Time : 0.00011515617370605469s
2026-03-11 10:25:58,801 RW - vertex 48728. Time : 0.00013017654418945312s
2026-03-11 10:25:58,801 RW - vertex 26198. Time : 0.00011801719665527344s
2026-03-11 10:25:58,801 RW - vertex 108227. Time : 0.0001201629638671875s
2026-03-11 10:25:58,801 RW - vertex 111. Time : 0.00011491775512695312s
2026-03-11 10:25:58,802 RW - vertex 30587. Time : 0.00012373924255371094s
2026-03-11 10:25:58,802 RW - vertex 16758. Time : 0.000125885009765625s
2026-03-11 10:25:58,802 RW - vertex 30856. Time : 0.00011992454528808594s
2026-03-11 10:25:58,802 RW - vertex 16579. Time : 0.00011873245239257812s
2026-03-11 10:25:58,802 RW - vertex 16876. Time : 0.00011181831359863281s
2026-03-11 10:25:58,802 RW - vertex 30859. Time : 0.0001289844512939453s
2026-03-11 10:25:58,802 RW - vertex 49206. Time : 0.00011873245239257812s
2026-03-11 10:25:58,802 RW - vertex 47339. Time : 0.00012493133544921875s
2026-03-11 10:25:58,803 RW - vertex 15227. Time : 0.00010919570922851562s
2026-03-11 10:25:58,803 RW - vertex 41093. Time : 0.00012993812561035156s
2026-03-11 10:25:58,803 RW - vertex 4948. Time : 0.00011682510375976562s
2026-03-11 10:25:58,803 RW - vertex 14475. Time : 0.00011968612670898438s
2026-03-11 10:25:58,803 RW - vertex 21620. Time : 0.00012612342834472656s
2026-03-11 10:25:58,803 RW - vertex 31511. Time : 0.0001239776611328125s
2026-03-11 10:25:58,803 RW - vertex 16719. Time : 0.00011801719665527344s
2026-03-11 10:25:58,803 RW - vertex 21882. Time : 0.00011587142944335938s
2026-03-11 10:25:58,804 RW - vertex 24909. Time : 0.00013184547424316406s
2026-03-11 10:25:58,804 RW - vertex 16765. Time : 0.00012803077697753906s
2026-03-11 10:25:58,804 RW - vertex 30728. Time : 0.00012183189392089844s
2026-03-11 10:25:58,804 RW - vertex 44809. Time : 0.00012874603271484375s
2026-03-11 10:25:58,804 RW - vertex 105832. Time : 0.0001239776611328125s
2026-03-11 10:25:58,804 RW - vertex 30571. Time : 0.00012993812561035156s
2026-03-11 10:25:58,804 RW - vertex 3336. Time : 0.0001220703125s
2026-03-11 10:25:58,805 RW - vertex 26930. Time : 0.0001232624053955078s
2026-03-11 10:25:58,805 RW - vertex 41101. Time : 0.00012493133544921875s
2026-03-11 10:25:58,805 RW - vertex 37714. Time : 0.00010704994201660156s
2026-03-11 10:25:58,805 RW - vertex 47052. Time : 0.00011396408081054688s
2026-03-11 10:25:58,805 RW - vertex 3483. Time : 0.00012230873107910156s
2026-03-11 10:25:58,805 RW - vertex 46584. Time : 0.00013899803161621094s
2026-03-11 10:25:58,805 RW - vertex 39953. Time : 0.0001518726348876953s
2026-03-11 10:25:58,806 RW - vertex 26933. Time : 0.00014591217041015625s
2026-03-11 10:25:58,806 RW - vertex 30716. Time : 0.00015473365783691406s
2026-03-11 10:25:58,806 RW - vertex 16832. Time : 0.00015783309936523438s
2026-03-11 10:25:58,806 RW - vertex 108087. Time : 0.00014901161193847656s
2026-03-11 10:25:58,806 RW - vertex 41162. Time : 0.00014090538024902344s
2026-03-11 10:25:58,806 RW - vertex 26685. Time : 0.00015401840209960938s
2026-03-11 10:25:58,806 RW - vertex 44160. Time : 0.0001270771026611328s
2026-03-11 10:25:58,807 RW - vertex 47718. Time : 0.0001327991485595703s
2026-03-11 10:25:58,807 RW - vertex 3657. Time : 0.00012803077697753906s
2026-03-11 10:25:58,807 RW - vertex 46234. Time : 0.000125885009765625s
2026-03-11 10:25:58,807 RW - vertex 15386. Time : 0.00011801719665527344s
2026-03-11 10:25:58,807 RW - vertex 38297. Time : 0.00012922286987304688s
2026-03-11 10:25:58,807 RW - vertex 38294. Time : 0.0001220703125s
2026-03-11 10:25:58,807 RW - vertex 16720. Time : 0.00012612342834472656s
2026-03-11 10:25:58,808 RW - vertex 30776. Time : 0.00013589859008789062s
2026-03-11 10:25:58,808 RW - vertex 16895. Time : 0.0001323223114013672s
2026-03-11 10:25:58,808 RW - vertex 44208. Time : 0.000125885009765625s
2026-03-11 10:25:58,808 RW - vertex 24904. Time : 0.00013518333435058594s
2026-03-11 10:25:58,808 RW - vertex 30594. Time : 0.0001220703125s
2026-03-11 10:25:58,808 RW - vertex 44167. Time : 0.00012993812561035156s
2026-03-11 10:25:58,808 RW - vertex 47788. Time : 0.000141143798828125s
2026-03-11 10:25:58,809 RW - vertex 101920. Time : 0.000141143798828125s
2026-03-11 10:25:58,809 RW - vertex 44175. Time : 0.00012803077697753906s
2026-03-11 10:25:58,809 RW - vertex 16881. Time : 0.00012111663818359375s
2026-03-11 10:25:58,809 RW - vertex 24098. Time : 0.0001239776611328125s
2026-03-11 10:25:58,809 RW - vertex 24080. Time : 0.00013780593872070312s
2026-03-11 10:25:58,809 RW - vertex 54550. Time : 0.00013494491577148438s
2026-03-11 10:25:58,809 RW - vertex 37061. Time : 0.0001289844512939453s
2026-03-11 10:25:58,809 RW - vertex 16763. Time : 0.00012493133544921875s
2026-03-11 10:25:58,810 RW - vertex 615. Time : 0.0001289844512939453s
2026-03-11 10:25:58,810 RW - vertex 24093. Time : 0.0001251697540283203s
2026-03-11 10:25:58,810 RW - vertex 47047. Time : 0.00011491775512695312s
2026-03-11 10:25:58,810 RW - vertex 30770. Time : 0.00013113021850585938s
2026-03-11 10:25:58,810 RW - vertex 16826. Time : 0.0001220703125s
2026-03-11 10:25:58,810 RW - vertex 16848. Time : 0.00013494491577148438s
2026-03-11 10:25:58,810 RW - vertex 3552. Time : 0.00013399124145507812s
2026-03-11 10:25:58,811 RW - vertex 40719. Time : 0.00011801719665527344s
2026-03-11 10:25:58,811 RW - vertex 16707. Time : 0.00013208389282226562s
2026-03-11 10:25:58,811 RW - vertex 41976. Time : 0.00011610984802246094s
2026-03-11 10:25:58,811 RW - vertex 47695. Time : 0.00012612342834472656s
2026-03-11 10:25:58,811 RW - vertex 49225. Time : 0.0001327991485595703s
2026-03-11 10:25:58,811 RW - vertex 22139. Time : 0.00015592575073242188s
2026-03-11 10:25:58,811 RW - vertex 45637. Time : 0.0001430511474609375s
2026-03-11 10:25:58,812 RW - vertex 44924. Time : 0.00014400482177734375s
2026-03-11 10:25:58,812 RW - vertex 24106. Time : 0.00014209747314453125s
2026-03-11 10:25:58,812 RW - vertex 30704. Time : 0.00016498565673828125s
2026-03-11 10:25:58,812 RW - vertex 30786. Time : 0.0001399517059326172s
2026-03-11 10:25:58,812 RW - vertex 37526. Time : 0.0001251697540283203s
2026-03-11 10:25:58,812 RW - vertex 46942. Time : 0.0001049041748046875s
2026-03-11 10:25:58,813 RW - vertex 2713. Time : 0.0001270771026611328s
2026-03-11 10:25:58,813 RW - vertex 15476. Time : 0.0001163482666015625s
2026-03-11 10:25:58,813 RW - vertex 219. Time : 0.00010585784912109375s
2026-03-11 10:25:58,813 RW - vertex 47208. Time : 0.00011301040649414062s
2026-03-11 10:25:58,813 RW - vertex 2507. Time : 0.00010180473327636719s
2026-03-11 10:25:58,813 RW - vertex 4571. Time : 0.00010800361633300781s
2026-03-11 10:25:58,813 RW - vertex 16733. Time : 0.00010418891906738281s
2026-03-11 10:25:58,813 RW - vertex 30695. Time : 0.00011587142944335938s
2026-03-11 10:25:58,813 RW - vertex 48433. Time : 0.00010704994201660156s
2026-03-11 10:25:58,814 RW - vertex 47734. Time : 0.00010800361633300781s
2026-03-11 10:25:58,814 RW - vertex 3596. Time : 0.00011396408081054688s
2026-03-11 10:25:58,814 RW - vertex 30677. Time : 0.00011897087097167969s
2026-03-11 10:25:58,814 RW - vertex 30821. Time : 9.417533874511719e-05s
2026-03-11 10:25:58,814 RW - vertex 16700. Time : 0.00010991096496582031s
2026-03-11 10:25:58,814 RW - vertex 4952. Time : 0.00010800361633300781s
2026-03-11 10:25:58,814 RW - vertex 5633. Time : 0.00010609626770019531s
2026-03-11 10:25:58,814 RW - vertex 44146. Time : 0.00010609626770019531s
2026-03-11 10:25:58,814 RW - vertex 30746. Time : 0.00011610984802246094s
2026-03-11 10:25:58,815 RW - vertex 21598. Time : 0.0001251697540283203s
2026-03-11 10:25:58,815 RW - vertex 3950. Time : 0.00010824203491210938s
2026-03-11 10:25:58,815 RW - vertex 3130. Time : 0.00010395050048828125s
2026-03-11 10:25:58,815 RW - vertex 40429. Time : 0.00010895729064941406s
2026-03-11 10:25:58,815 RW - vertex 30848. Time : 0.00012421607971191406s
2026-03-11 10:25:58,815 RW - vertex 3508. Time : 0.000102996826171875s
2026-03-11 10:25:58,815 RW - vertex 44154. Time : 0.00010800361633300781s
2026-03-11 10:25:58,815 RW - vertex 27264. Time : 0.00013017654418945312s
2026-03-11 10:25:58,816 RW - vertex 106642. Time : 0.00011515617370605469s
2026-03-11 10:25:58,816 RW - vertex 36677. Time : 0.00011610984802246094s
2026-03-11 10:25:58,816 RW - vertex 16793. Time : 0.00010704994201660156s
2026-03-11 10:25:58,816 RW - vertex 36818. Time : 0.00010514259338378906s
2026-03-11 10:25:58,816 RW - vertex 16759. Time : 0.00010204315185546875s
2026-03-11 10:25:58,816 RW - vertex 40109. Time : 0.00011706352233886719s
2026-03-11 10:25:58,816 RW - vertex 49159. Time : 0.00010418891906738281s
2026-03-11 10:25:58,816 RW - vertex 30803. Time : 0.00012111663818359375s
2026-03-11 10:25:58,817 RW - vertex 30712. Time : 0.0001087188720703125s
2026-03-11 10:25:58,817 RW - vertex 48299. Time : 0.00011014938354492188s
2026-03-11 10:25:58,817 RW - vertex 26197. Time : 0.0001220703125s
2026-03-11 10:25:58,817 RW - vertex 47570. Time : 0.00011587142944335938s
2026-03-11 10:25:58,817 RW - vertex 5319. Time : 0.00011420249938964844s
2026-03-11 10:25:58,817 RW - vertex 30679. Time : 0.00010585784912109375s
2026-03-11 10:25:58,817 RW - vertex 23487. Time : 0.00010704994201660156s
2026-03-11 10:25:58,817 RW - vertex 30861. Time : 0.0001049041748046875s
2026-03-11 10:25:58,818 RW - vertex 46721. Time : 0.00011682510375976562s
2026-03-11 10:25:58,818 RW - vertex 30503. Time : 0.00010967254638671875s
2026-03-11 10:25:58,818 RW - vertex 22830. Time : 0.000110626220703125s
2026-03-11 10:25:58,818 RW - vertex 44168. Time : 0.0001087188720703125s
2026-03-11 10:25:58,818 RW - vertex 46603. Time : 0.00011301040649414062s
2026-03-11 10:25:58,818 RW - vertex 16820. Time : 0.00011491775512695312s
2026-03-11 10:25:58,818 RW - vertex 2734. Time : 0.00011301040649414062s
2026-03-11 10:25:58,818 RW - vertex 16842. Time : 0.00010704994201660156s
2026-03-11 10:25:58,818 RW - vertex 38959. Time : 0.0001163482666015625s
2026-03-11 10:25:58,819 RW - vertex 2686. Time : 0.00011491775512695312s
2026-03-11 10:25:58,819 RW - vertex 30771. Time : 0.00011801719665527344s
2026-03-11 10:25:58,819 RW - vertex 36644. Time : 0.00010514259338378906s
2026-03-11 10:25:58,819 RW - vertex 4216. Time : 0.00011491775512695312s
2026-03-11 10:25:58,819 RW - vertex 46001. Time : 0.00011992454528808594s
2026-03-11 10:25:58,819 RW - vertex 16809. Time : 0.00011396408081054688s
2026-03-11 10:25:58,819 RW - vertex 23486. Time : 0.00011110305786132812s
2026-03-11 10:25:58,819 RW - vertex 3087. Time : 0.0001049041748046875s
2026-03-11 10:25:58,820 RW - vertex 6179. Time : 0.00010609626770019531s
2026-03-11 10:25:58,820 RW - vertex 23261. Time : 0.00011610984802246094s
2026-03-11 10:25:58,820 RW - vertex 47694. Time : 0.0001201629638671875s
2026-03-11 10:25:58,820 RW - vertex 101944. Time : 0.00011897087097167969s
2026-03-11 10:25:58,820 RW - vertex 16840. Time : 0.00011301040649414062s
2026-03-11 10:25:58,820 RW - vertex 48486. Time : 0.00010704994201660156s
2026-03-11 10:25:58,820 RW - vertex 16778. Time : 0.0001049041748046875s
2026-03-11 10:25:58,820 RW - vertex 4976. Time : 0.0001163482666015625s
2026-03-11 10:25:58,821 RW - vertex 2384. Time : 0.00012183189392089844s
2026-03-11 10:25:58,821 RW - vertex 15334. Time : 0.000108003616333002026-2026-03-11 10:25:58,844 RW - vertex 16729. Time : 0.0001690387725830078s
2026-03-11 10:25:58,844 RW - vertex 16813. Time : 0.0001468658447265625s
2026-03-11 10:25:58,844 RW - vertex 22892. Time : 0.0001480579376220703s
2026-03-11 10:25:58,844 RW - vertex 24109. Time : 0.00013518333435058594s
2026-03-11 10:25:58,844 RW - vertex 21881. Time : 0.00013589859008789062s
2026-03-11 10:25:58,844 RW - vertex 16818. Time : 0.00012803077697753906s
2026-03-11 10:25:58,844 RW - vertex 30802. Time : 0.00014209747314453125s
2026-03-11 10:25:58,845 RW - vertex 21909. Time : 0.00013208389282226562s
2026-03-11 10:25:58,845 RW - vertex 15478. Time : 0.00011396408081054688s
2026-03-11 10:25:58,845 RW - vertex 30726. Time : 0.0001361370086669922s
2026-03-11 10:25:58,845 RW - vertex 39956. Time : 0.0001239776611328125s
2026-03-11 10:25:58,845 RW - vertex 45303. Time : 0.00012302398681640625s
2026-03-11 10:25:58,845 RW - vertex 30710. Time : 0.00013685226440429688s
2026-03-11 10:25:58,845 RW - vertex 42026. Time : 0.00013685226440429688s
2026-03-11 10:25:58,846 RW - vertex 15331. Time : 0.00013113021850585938s
2026-03-11 10:25:58,846 RW - vertex 47200. Time : 0.00013399124145507812s
2026-03-11 10:25:58,846 RW - vertex 16847. Time : 0.00013113021850585938s
2026-03-11 10:25:58,846 RW - vertex 30698. Time : 0.00012302398681640625s
2026-03-11 10:25:58,846 RW - vertex 36457. Time : 0.00011897087097167969s
2026-03-11 10:25:58,846 RW - vertex 44161. Time : 0.00012803077697753906s
2026-03-11 10:25:58,846 RW - vertex 30730. Time : 0.00012636184692382812s
2026-03-11 10:25:58,847 RW - vertex 43122. Time : 0.0001201629638671875s
2026-03-11 10:25:58,847 RW - vertex 44150. Time : 0.00012373924255371094s
2026-03-11 10:25:58,847 RW - vertex 26208. Time : 0.0001289844512939453s
2026-03-11 10:25:58,847 RW - vertex 16703. Time : 0.00011706352233886719s
2026-03-11 10:25:58,847 RW - vertex 49615. Time : 0.00012803077697753906s
2026-03-11 10:25:58,847 RW - vertex 43462. Time : 0.00012493133544921875s
2026-03-11 10:25:58,847 RW - vertex 44884. Time : 0.00012183189392089844s
2026-03-11 10:25:58,847 RW - vertex 27510. Time : 0.00011801719665527344s
2026-03-11 10:25:58,848 RW - vertex 3331. Time : 0.0001227855682373047s
2026-03-11 10:25:58,848 RW - vertex 30693. Time : 0.0001289844512939453s
2026-03-11 10:25:58,848 RW - vertex 101371. Time : 0.000125885009765625s
2026-03-11 10:25:58,848 RW - vertex 30585. Time : 0.00011491775512695312s
2026-03-11 10:25:58,848 RW - vertex 30564. Time : 0.00011110305786132812s
2026-03-11 10:25:58,848 RW - vertex 16925. Time : 0.00011491775512695312s
2026-03-11 10:25:58,848 RW - vertex 30731. Time : 0.00012493133544921875s
2026-03-11 10:25:58,848 RW - vertex 48675. Time : 0.00011587142944335938s
2026-03-11 10:25:58,849 RW - vertex 105929. Time : 0.00012087821960449219s
2026-03-11 10:25:58,849 RW - vertex 9467. Time : 0.0001220703125s
2026-03-11 10:25:58,849 RW - vertex 45037. Time : 0.00011801719665527344s
2026-03-11 10:25:58,849 RW - vertex 16732. Time : 0.00012111663818359375s
2026-03-11 10:25:58,849 RW - vertex 2959. Time : 0.00011897087097167969s
2026-03-11 10:25:58,849 RW - vertex 16836. Time : 0.00010800361633300781s
2026-03-11 10:25:58,849 RW - vertex 46430. Time : 0.00011801719665527344s
2026-03-11 10:25:58,849 RW - vertex 47778. Time : 0.00012731552124023438s
2026-03-11 10:25:58,850 RW - vertex 39951. Time : 0.00013113021850585938s
2026-03-11 10:25:58,850 RW - vertex 41824. Time : 0.00011706352233886719s
2026-03-11 10:25:58,850 RW - vertex 47554. Time : 0.0001289844512939453s
2026-03-11 10:25:58,850 RW - vertex 21876. Time : 0.00011706352233886719s
2026-03-11 10:25:58,850 RW - vertex 44189. Time : 0.00011706352233886719s
2026-03-11 10:25:58,850 RW - vertex 4996. Time : 0.00011014938354492188s
2026-03-11 10:25:58,850 RW - vertex 16821. Time : 0.000125885009765625s
2026-03-11 10:25:58,851 RW - vertex 30823. Time : 0.00011205673217773438s
2026-03-11 10:25:58,851 RW - vertex 16771. Time : 0.00011706352233886719s
2026-03-11 10:25:58,851 RW - vertex 30850. Time : 0.00012111663818359375s
2026-03-11 10:25:58,851 RW - vertex 26948. Time : 0.00012111663818359375s
2026-03-11 10:25:58,851 RW - vertex 2378. Time : 0.00011396408081054688s
2026-03-11 10:25:58,851 RW - vertex 896. Time : 0.00011301040649414062s
2026-03-11 10:25:58,851 RW - vertex 27507. Time : 0.00010395050048828125s
2026-03-11 10:25:58,851 RW - vertex 41815. Time : 0.00011992454528808594s
2026-03-11 10:25:58,851 RW - vertex 39285. Time : 0.00010967254638671875s
2026-03-11 10:25:58,852 RW - vertex 44159. Time : 0.00013494491577148438s
2026-03-11 10:25:58,852 RW - vertex 3256. Time : 0.00011205673217773438s
2026-03-11 10:25:58,852 RW - vertex 16764. Time : 0.0001270771026611328s
2026-03-11 10:25:58,852 RW - vertex 16738. Time : 0.00011801719665527344s
2026-03-11 10:25:58,852 RW - vertex 26929. Time : 0.0001251697540283203s
2026-03-11 10:25:58,852 RW - vertex 48625. Time : 0.00010275840759277344s
2026-03-11 10:25:58,852 RW - vertex 4152. Time : 0.00012183189392089844s
2026-03-11 10:25:58,853 RW - vertex 16769. Time : 0.00012421607971191406s
2026-03-11 10:25:58,853 RW - vertex 16791. Time : 0.00010609626770019531s
2026-03-11 10:25:58,853 RW - vertex 39946. Time : 0.00011920928955078125s
2026-03-11 10:25:58,853 RW - vertex 22137. Time : 0.00011515617370605469s
2026-03-11 10:25:58,853 RW - vertex 3283. Time : 0.00011587142944335938s
2026-03-11 10:25:58,853 RW - vertex 48978. Time : 0.00011920928955078125s
2026-03-11 10:25:58,853 RW - vertex 47323. Time : 0.00011992454528808594s
2026-03-11 10:25:58,853 RW - vertex 49619. Time : 0.00011301040649414062s
2026-03-11 10:25:58,854 RW - vertex 16799. Time : 0.000125885009765625s
2026-03-11 10:25:58,854 RW - vertex 30829. Time : 0.0001049041748046875s
2026-03-11 10:25:58,854 RW - vertex 659. Time : 0.00011587142944335938s
2026-03-11 10:25:58,854 RW - vertex 2797. Time : 0.00010895729064941406s
2026-03-11 10:25:58,854 RW - vertex 3516. Time : 0.00011515617370605469s
2026-03-11 10:25:58,854 RW - vertex 5740. Time : 0.00010704994201660156s
2026-03-11 10:25:58,854 RW - vertex 27277. Time : 0.00011181831359863281s
2026-03-11 10:25:58,854 RW - vertex 30835. Time : 0.00010800361633300781s
2026-03-11 10:25:58,854 RW - vertex 107611. Time : 0.000125885009765625s
2026-03-11 10:25:58,855 RW - vertex 30884. Time : 0.00011610984802246094s
2026-03-11 10:25:58,855 RW - vertex 41889. Time : 0.00011801719665527344s
2026-03-11 10:25:58,855 RW - vertex 30804. Time : 0.0001220703125s
2026-03-11 10:25:58,855 RW - vertex 9509. Time : 0.00010895729064941406s
2026-03-11 10:25:58,855 RW - vertex 4584. Time : 0.00010418891906738281s
2026-03-11 10:25:58,855 RW - vertex 36660. Time : 0.00011992454528808594s
2026-03-11 10:25:58,855 RW - vertex 26186. Time : 0.0001227855682373047s
2026-03-11 10:25:58,855 RW - vertex 44193. Time : 0.00011491775512695312s
2026-03-11 10:25:58,856 RW - vertex 470. Time : 0.00011301040649414062s
2026-03-11 10:25:58,856 RW - vertex 30707. Time : 0.00012087821960449219s
2026-03-11 10:25:58,856 RW - vertex 44995. Time : 0.0001289844512939453s
2026-03-11 10:25:58,856 RW - vertex 35636. Time : 0.0001239776611328125s
2026-03-11 10:25:58,856 RW - vertex 16739. Time : 0.00011706352233886719s
2026-03-11 10:25:58,856 RW - vertex 30882. Time : 0.00011706352233886719s
2026-03-11 10:25:58,856 RW - vertex 30613. Time : 0.00011801719665527344s
2026-03-11 10:25:58,856 RW - vertex 30836. Time : 0.00010395050048828125s
2026-03-11 10:25:58,857 RW - vertex 30760. Time : 0.0001270771026611328s
2026-03-11 10:25:58,857 RW - vertex 16753. Time : 0.00011086463928222656s
2026-03-11 10:25:58,857 RW - vertex 23464. Time : 0.00010919570922851562s
2026-03-11 10:25:58,857 RW - vertex 27263. Time : 0.00011491775512695312s
2026-03-11 10:25:58,857 RW - vertex 30567. Time : 0.00011301040649414062s
2026-03-11 10:25:58,857 RW - vertex 30619. Time : 0.00012183189392089844s
2026-03-11 10:25:58,857 RW - vertex 3603. Time : 0.00011610984802246094s
2026-03-11 10:25:58,857 RW - vertex 39938. Time : 0.0001201629638671875s
2026-03-11 10:25:58,858 RW - vertex 3811. Time : 0.0001201629638671875s
2026-03-11 10:25:58,858 RW - vertex 48005. Time : 0.00011992454528808594s
2026-03-11 10:25:58,858 RW - vertex 16862. Time : 0.0001227855682373047s
2026-03-11 10:25:58,858 RW - vertex 24096. Time : 0.00011801719665527344s
2026-03-11 10:25:58,858 RW - vertex 45855. Time : 0.00010895729064941406s
2026-03-11 10:25:58,858 RW - vertex 16571. Time : 0.00011301040649414062s
2026-03-11 10:25:58,858 RW - vertex 30615. Time : 0.00011396408081054688s
2026-03-11 10:25:58,858 RW - vertex 16845. Time : 0.00011706352233886719s
2026-03-11 10:25:58,859 RW - vertex 45372. Time : 0.00012230873107910156s
2026-03-11 10:25:58,859 RW - vertex 26195. Time : 0.00011491775512695312s
2026-03-11 10:25:58,859 RW - vertex 36404. Time : 0.00010776519775390625s
2026-03-11 10:25:58,859 RW - vertex 24161. Time : 0.00010800361633300781s
2026-03-11 10:25:58,859 RW - vertex 109453. Time : 0.00010919570922851562s
2026-03-11 10:25:58,859 RW - vertex 4960. Time : 0.00011801719665527344s
2026-03-11 10:25:58,859 RW - vertex 24090. Time : 0.00010895729064941406s
2026-03-11 10:25:58,859 RW - vertex 23533. Time : 0.00011277198791503906s
2026-03-11 10:25:58,860 RW - vertex 16854. Time : 0.00012063980102539062s
2026-03-11 10:25:58,860 RW - vertex 2778. Time : 0.00011420249938964844s
2026-03-11 10:25:58,860 RW - vertex 22084. Time : 0.00011491775512695312s
2026-03-11 10:25:58,860 RW - vertex 4532. Time : 0.00011897087097167969s
2026-03-11 10:25:58,860 RW - vertex 27504. Time : 0.00011992454528808594s
2026-03-11 10:25:58,860 RW - vertex 26676. Time : 0.00012111663818359375s
2026-03-11 10:25:58,860 RW - vertex 4574. Time : 0.00011110305786132812s
2026-03-11 10:25:58,860 RW - vertex 16863. Time : 0.00011587142944335938s
2026-03-11 10:25:58,861 RW - vertex 45877. Time : 0.00011324882507324219s
2026-03-11 10:25:58,861 RW - vertex 16584. Time : 0.00012493133544921875s
2026-03-11 10:25:58,861 RW - vertex 19282. Time : 0.0001087188720703125s
2026-03-11 10:25:58,861 RW - vertex 4962. Time : 0.0001239776611328125s
2026-03-11 10:25:58,861 RW - vertex 16879. Time : 0.00011610984802246094s
2026-03-11 10:25:58,861 RW - vertex 48283. Time : 0.00011301040649414062s
2026-03-11 10:25:58,861 RW - vertex 49070. Time : 0.00011014938354492188s
2026-03-11 10:25:58,861 RW - vertex 30880. Time : 0.00011706352233886719s
2026-03-11 10:25:58,862 RW - vertex 26210. Time : 0.00011873245239257812s
2026-03-11 10:25:58,862 RW - vertex 30871. Time : 0.00010800361633300781s
2026-03-11 10:25:58,862 RW - vertex 39781. Time : 0.00011372566223144531s
2026-03-11 10:25:58,862 RW - vertex 22045. Time : 0.00011682510375976562s
2026-03-11 10:25:58,862 RW - vertex 14471. Time : 0.00011205673217773438s
2026-03-11 10:25:58,862 RW - vertex 16756. Time : 0.0001201629638671875s
2026-03-11 10:25:58,862 RW - vertex 30198. Time : 0.00012421607971191406s
2026-03-11 10:25:58,862 RW - vertex 3327. Time : 0.00011992454528808594s
2026-03-11 10:25:58,863 RW - vertex 54565. Time : 0.00011014938354492188s
2026-03-11 10:25:58,863 RW - vertex 3188. Time : 0.00011301040649414062s
2026-03-11 10:25:58,863 RW - vertex 3488. Time : 0.00011706352233886719s
2026-03-11 10:25:58,863 RW - vertex 2370. Time : 0.0001220703125s
2026-03-11 10:25:58,863 RW - vertex 16867. Time : 0.00010704994201660156s
2026-03-11 10:25:58,863 RW - vertex 16888. Time : 0.00011491775512695312s
2026-03-11 10:25:58,863 RW - vertex 45790. Time : 0.00012302398681640625s
2026-03-11 10:25:58,863 RW - vertex 54433. Time : 0.00012111663818359375s
2026-03-11 10:25:58,864 RW - vertex 5514. Time : 0.0001010894775390625s
2026-03-11 10:25:58,864 RW - vertex 16570. Time : 0.00012087821960449219s
2026-03-11 10:25:58,864 RW - vertex 42012. Time : 0.00010609626770019531s
2026-03-11 10:25:58,864 RW - vertex 2980. Time : 0.00012183189392089844s
2026-03-11 10:25:58,864 RW - vertex 23527. Time : 0.00010991096496582031s
2026-03-11 10:25:58,864 RW - vertex 49208. Time : 0.00010704994201660156s
2026-03-11 10:25:58,864 RW - vertex 30591. Time : 0.00010704994201660156s
2026-03-11 10:25:58,864 RW - vertex 36626. Time : 0.00011706352233886719s
2026-03-11 10:25:58,865 RW - vertex 18662. Time : 0.00010919570922851562s
2026-03-11 10:25:58,865 RW - vertex 30769. Time : 0.00011873245239257812s
2026-03-11 10:25:58,865 RW - vertex 27298. Time : 0.00011491775512695312s
2026-03-11 10:25:58,865 RW - vertex 41844. Time : 0.00010609626770019531s
2026-03-11 10:25:58,865 RW - vertex 37262. Time : 0.00011110305786132812s
2026-03-11 10:25:58,865 RW - vertex 30796. Time : 0.00010228157043457031s
2026-03-11 10:25:58,865 RW - vertex 16797. Time : 0.00011396408081054688s
2026-03-11 10:25:58,865 RW - vertex 3212. Time : 0.00012111663818359375s
2026-03-11 10:25:58,865 RW - vertex 16760. Time : 0.00010514259338378906s
2026-03-11 10:25:58,866 RW - vertex 48419. Time : 0.00011277198791503906s
2026-03-11 10:25:58,866 RW - vertex 15223. Time : 0.00011110305786132812s
2026-03-11 10:25:58,866 RW - vertex 26190. Time : 0.00011587142944335938s
2026-03-11 10:25:58,866 RW - vertex 26194. Time : 0.00011587142944335938s
2026-03-11 10:25:58,866 RW - vertex 24166. Time : 0.00011229515075683594s
2026-03-11 10:25:58,866 RW - vertex 16731. Time : 0.00011086463928222656s
2026-03-11 10:25:58,866 RW - vertex 45529. Time : 0.00011610984802246094s
2026-03-11 10:25:58,866 RW - vertex 27505. Time : 0.0001239776611328125s
2026-03-11 10:25:58,867 RW - vertex 39958. Time : 0.00011801719665527344s
2026-03-11 10:25:58,867 RW - vertex 16894. Time : 0.00011610984802246094s
2026-03-11 10:25:58,867 RW - vertex 30723. Time : 0.00011610984802246094s
2026-03-11 10:25:58,867 RW - vertex 16711. Time : 0.00011301040649414062s
2026-03-11 10:25:58,867 RW - vertex 49052. Time : 0.00010585784912109375s
2026-03-11 10:25:58,867 RW - vertex 16882. Time : 0.00010991096496582031s
2026-03-11 10:25:58,867 RW - vertex 46171. Time : 0.0001239776611328125s
2026-03-11 10:25:58,867 RW - vertex 46285. Time : 0.0001227855682373047s
2026-03-11 10:25:58,868 RW - vertex 39796. Time : 0.00010800361633300781s
2026-03-11 10:25:58,868 RW - vertex 16858. Time : 0.00011587142944335938s
2026-03-11 10:25:58,868 RW - vertex 23499. Time : 0.00010919570922851562s
2026-03-11 10:25:58,868 RW - vertex 22370. Time : 0.00011706352233886719s
2026-03-11 10:25:58,868 RW - vertex 36651. Time : 0.00011706352233886719s
2026-03-11 10:25:58,868 RW - vertex 36623. Time : 0.00011706352233886719s
2026-03-11 10:25:58,868 RW - vertex 27259. Time : 0.00011491775512695312s
2026-03-11 10:25:58,868 RW - vertex 16614. Time : 0.00011920928955078125s
2026-03-11 10:25:58,869 RW - vertex 30805. Time : 0.00011205673217773438s
2026-03-11 10:25:58,869 RW - vertex 7782. Time : 0.00011372566223144531s
2026-03-11 10:25:58,869 RW - vertex 49190. Time : 0.00010800361633300781s
2026-03-11 10:25:58,869 RW - vertex 30739. Time : 0.00010204315185546875s
2026-03-11 10:25:58,869 RW - vertex 27498. Time : 0.0001201629638671875s
2026-03-11 10:25:58,869 RW - vertex 15377. Time : 0.00010609626770019531s
2026-03-11 10:25:58,869 RW - vertex 16744. Time : 0.00012183189392089844s
2026-03-11 10:25:58,869 RW - vertex 21593. Time : 0.00010895729064941406s
2026-03-11 10:25:58,869 RW - vertex 30885. Time : 0.00011086463928222656s
2026-03-11 10:25:58,870 RW - vertex 16893. Time : 0.00012111663818359375s
2026-03-11 10:25:58,870 RW - vertex 16864. Time : 0.00011014938354492188s
2026-03-11 10:25:58,870 RW - vertex 46632. Time : 0.00010991096496582031s
2026-03-11 10:25:58,870 RW - vertex 40994. Time : 0.0001087188720703125s
2026-03-11 10:25:58,870 RW - vertex 36670. Time : 0.00011897087097167969s
2026-03-11 10:25:58,870 RW - vertex 30706. Time : 0.00012183189392089844s
2026-03-11 10:25:58,870 RW - vertex 16817. Time : 0.00011396408081054688s
2026-03-11 10:25:58,870 RW - vertex 30755. Time : 0.00011539459228515625s
2026-03-11 10:25:58,871 RW - vertex 30715. Time : 0.00011897087097167969s
2026-03-11 10:25:58,871 RW - vertex 41249. Time : 0.00011396408081054688s
2026-03-11 10:25:58,871 RW - vertex 2470. Time : 0.00011396408081054688s
2026-03-11 10:25:58,871 RW - vertex 16587. Time : 0.00011992454528808594s
2026-03-11 10:25:58,871 RW - vertex 670. Time : 0.0001227855682373047s
2026-03-11 10:25:58,871 RW - vertex 16880. Time : 0.00012302398681640625s
2026-03-11 10:25:58,871 RW - vertex 16779. Time : 0.00012111663818359375s
2026-03-11 10:25:58,872 RW - vertex 5867. Time : 0.0001251697540283203s
2026-03-11 10:25:58,872 RW - vertex 108925. Time : 0.00011587142944335938s
2026-03-11 10:25:58,872 RW - vertex 2572. Time : 0.00011897087097167969s
2026-03-11 10:25:58,872 RW - vertex 54539. Time : 0.00011610984802246094s
2026-03-11 10:25:58,872 RW - vertex 15225. Time : 0.00011491775512695312s
2026-03-11 10:25:58,872 RW - vertex 36643. Time : 0.00011515617370605469s
2026-03-11 10:25:58,872 RW - vertex 47176. Time : 0.00011897087097167969s
2026-03-11 10:25:58,872 RW - vertex 39771. Time : 0.00011587142944335938s
2026-03-11 10:25:58,873 RW - vertex 27525. Time : 0.0001201629638671875s
2026-03-11 10:25:58,873 RW - vertex 39962. Time : 0.00011014938354492188s
2026-03-11 10:25:58,873 RW - vertex 3967. Time : 0.00011324882507324219s
2026-03-11 10:25:58,873 RW - vertex 16589. Time : 0.00010919570922851562s
2026-03-11 10:25:58,873 RW - vertex 45460. Time : 0.00011992454528808594s
2026-03-11 10:25:58,873 RW - vertex 21890. Time : 0.00011992454528808594s
2026-03-11 10:25:58,873 RW - vertex 45382. Time : 0.0001049041748046875s
2026-03-11 10:25:58,873 RW - vertex 30705. Time : 0.00011110305786132812s
2026-03-11 10:25:58,873 RW - vertex 2576. Time : 0.00011181831359863281s
2026-03-11 10:25:58,874 RW - vertex 46878. Time : 0.00011372566223144531s
2026-03-11 10:25:58,874 RW - vertex 27302. Time : 0.00011086463928222656s
2026-03-11 10:25:58,874 RW - vertex 49283. Time : 0.00011086463928222656s
2026-03-11 10:25:58,874 RW - vertex 44988. Time : 0.00010991096496582031s
2026-03-11 10:25:58,874 RW - vertex 30721. Time : 0.0001087188720703125s
2026-03-11 10:25:58,874 RW - vertex 3211. Time : 0.00010132789611816406s
2026-03-11 10:25:58,874 RW - vertex 16734. Time : 0.00011682510375976562s
2026-03-11 10:25:58,874 RW - vertex 16783. Time : 0.00011205673217773438s
2026-03-11 10:25:58,875 RW - vertex 1406. Time : 0.00011301040649414062s
2026-03-11 10:25:58,875 RW - vertex 23509. Time : 0.000110626220703125s
2026-03-11 10:25:58,875 RW - vertex 45542. Time : 0.00010395050048828125s
2026-03-11 10:25:58,875 RW - vertex 2624. Time : 0.00011014938354492188s
2026-03-11 10:25:58,875 RW - vertex 30791. Time : 0.00011587142944335938s
2026-03-11 10:25:58,875 RW - vertex 30694. Time : 0.00011301040649414062s
2026-03-11 10:25:58,875 RW - vertex 30675. Time : 0.0001220703125s
2026-03-11 10:25:58,875 RW - vertex 49407. Time : 0.00011801719665527344s
2026-03-11 10:25:58,876 RW - vertex 24111. Time : 0.00011110305786132812s
2026-03-11 10:25:58,876 RW - vertex 22368. Time : 0.00011897087097167969s
2026-03-11 10:25:58,876 RW - vertex 38286. Time : 0.00011801719665527344s
2026-03-11 10:25:58,876 RW - vertex 44184. Time : 0.0001049041748046875s
2026-03-11 10:25:58,876 RW - vertex 6129. Time : 0.00011086463928222656s
2026-03-11 10:25:58,876 RW - vertex 37065. Time : 0.00011205673217773438s
2026-03-11 10:25:58,876 RW - vertex 3457. Time : 0.00011110305786132812s
2026-03-11 10:25:58,876 RW - vertex 30775. Time : 0.00010204315185546875s
2026-03-11 10:25:58,876 RW - vertex 39851. Time : 0.00011301040649414062s
2026-03-11 10:25:58,877 RW - vertex 22064. Time : 0.00011110305786132812s
2026-03-11 10:25:58,877 RW - vertex 16704. Time : 0.00011396408081054688s
2026-03-11 10:25:58,877 RW - vertex 16577. Time : 0.00011801719665527344s
2026-03-11 10:25:58,877 RW - vertex 30810. Time : 0.00011610984802246094s
2026-03-11 10:25:58,877 RW - vertex 30660. Time : 0.00012087821960449219s
2026-03-11 10:25:58,877 RW - vertex 42020. Time : 0.00011801719665527344s
2026-03-11 10:25:58,877 RW - vertex 39128. Time : 0.00011754035949707031s
2026-03-11 10:25:58,877 RW - vertex 39955. Time : 0.00011968612670898438s
2026-03-11 10:25:58,878 RW - vertex 30748. Time : 0.00011181831359863281s
2026-03-11 10:25:58,878 RW - vertex 45034. Time : 0.00011324882507324219s
2026-03-11 10:25:58,878 RW - vertex 27509. Time : 0.0001201629638671875s
2026-03-11 10:25:58,878 RW - vertex 30734. Time : 0.00011205673217773438s
2026-03-11 10:25:58,878 RW - vertex 105105. Time : 0.00011372566223144531s
2026-03-11 10:25:58,878 RW - vertex 23979. Time : 0.00011801719665527344s
2026-03-11 10:25:58,878 RW - vertex 30794. Time : 0.00011992454528808594s
2026-03-11 10:25:58,878 RW - vertex 16889. Time : 0.00012302398681640625s
2026-03-11 10:25:58,879 RW - vertex 25754. Time : 0.00011420249938964844s
2026-03-11 10:25:58,879 RW - vertex 39952. Time : 0.00010895729064941406s
2026-03-11 10:25:58,879 RW - vertex 27493. Time : 0.00011801719665527344s
2026-03-11 10:25:58,879 RW - vertex 30764. Time : 0.0001220703125s
2026-03-11 10:25:58,879 RW - vertex 30572. Time : 0.00011920928955078125s
2026-03-11 10:25:58,879 RW - vertex 106111. Time : 0.00012111663818359375s
2026-03-11 10:25:58,879 RW - vertex 26187. Time : 0.00011086463928222656s
2026-03-11 10:25:58,879 RW - vertex 30722. Time : 0.00011301040649414062s
2026-03-11 10:25:58,880 RW - vertex 22329. Time : 0.00011801719665527344s
2026-03-11 10:25:58,880 RW - vertex 45583. Time : 0.00011372566223144531s
2026-03-11 10:25:58,880 RW - vertex 30650. Time : 0.0001049041748046875s
2026-03-11 10:25:58,880 RW - vertex 39791. Time : 0.00011014938354492188s
2026-03-11 10:25:58,880 RW - vertex 16705. Time : 0.0001201629638671875s
2026-03-11 10:25:58,880 RW - vertex 22086. Time : 0.0001201629638671875s
2026-03-11 10:25:58,880 RW - vertex 30788. Time : 0.00011014938354492188s
2026-03-11 10:25:58,880 RW - vertex 3202. Time : 0.00011205673217773438s
2026-03-11 10:25:58,881 RW - vertex 16573. Time : 0.0001049041748046875s
2026-03-11 10:25:58,881 RW - vertex 30793. Time : 0.00010991096496582031s
2026-03-11 10:25:58,881 RW - vertex 44428. Time : 0.00011897087097167969s
2026-03-11 10:25:58,881 RW - vertex 42034. Time : 0.00011873245239257812s
2026-03-11 10:25:58,881 RW - vertex 30742. Time : 0.00011992454528808594s
2026-03-11 10:25:58,881 RW - vertex 16767. Time : 0.00010609626770019531s
2026-03-11 10:25:58,881 RW - vertex 30768. Time : 0.00010395050048828125s
2026-03-11 10:25:58,881 RW - vertex 24095. Time : 0.00010991096496582031s
2026-03-11 10:25:58,882 RW - vertex 24102. Time : 0.00011420249938964844s
2026-03-11 10:25:58,882 RW - vertex 9463. Time : 0.00010919570922851562s
2026-03-11 10:25:58,882 RW - vertex 45853. Time : 0.0001201629638671875s
2026-03-11 10:25:58,882 RW - vertex 22626. Time : 0.00010704994201660156s
2026-03-11 10:25:58,882 RW - vertex 16722. Time : 0.00011014938354492188s
2026-03-11 10:25:58,882 RW - vertex 16692. Time : 0.000102996826171875s
2026-03-11 10:25:58,882 RW - vertex 27646. Time : 0.00011301040649414062s
2026-03-11 10:25:58,882 RW - vertex 30774. Time : 0.00011205673217773438s
2026-03-11 10:25:58,882 RW - vertex 3195. Time : 0.0001201629638671875s
2026-03-11 10:25:58,883 RW - vertex 36369. Time : 0.00011491775512695312s
2026-03-11 10:25:58,883 RW - vertex 44412. Time : 0.00010895729064941406s
2026-03-11 10:25:58,883 RW - vertex 27190. Time : 0.00011801719665527344s
2026-03-11 10:25:58,883 RW - vertex 16590. Time : 0.00010085105895996094s
2026-03-11 10:25:58,883 RW - vertex 39807. Time : 0.00011420249938964844s
2026-03-11 10:25:58,883 RW - vertex 16852. Time : 0.00011491775512695312s
2026-03-11 10:25:58,883 RW - vertex 100567. Time : 0.00012493133544921875s
2026-03-11 10:25:58,883 RW - vertex 21594. Time : 0.00010919570922851562s
2026-03-11 10:25:58,884 RW - vertex 30718. Time : 0.0001049041748046875s
2026-03-11 10:25:58,884 RW - vertex 16582. Time : 0.00010967254638671875s
2026-03-11 10:25:58,884 RW - vertex 24091. Time : 0.00011301040649414062s
2026-03-11 10:25:58,884 RW - vertex 49153. Time : 0.00010919570922851562s
2026-03-11 10:25:58,884 RW - vertex 44157. Time : 0.0001049041748046875s
2026-03-11 10:25:58,884 RW - vertex 1413. Time : 0.00010800361633300781s
2026-03-11 10:25:58,884 RW - vertex 16762. Time : 0.00011301040649414062s
2026-03-11 10:25:58,884 RW - vertex 8493. Time : 0.00012302398681640625s
2026-03-11 10:25:58,885 RW - vertex 106262. Time : 0.00012087821960449219s
2026-03-11 10:25:58,885 RW - vertex 16691. Time : 0.00010776519775390625s
2026-03-11 10:25:58,885 RW - vertex 2920. Time : 0.00011277198791503906s
2026-03-11 10:25:58,885 RW - vertex 22301. Time : 0.00011301040649414062s
2026-03-11 10:25:58,885 RW - vertex 46256. Time : 0.00011301040649414062s
2026-03-11 10:25:58,885 RW - vertex 41819. Time : 0.00011086463928222656s
2026-03-11 10:25:58,885 RW - vertex 35630. Time : 0.00011610984802246094s
2026-03-11 10:25:58,885 RW - vertex 6198. Time : 0.00010895729064941406s
2026-03-11 10:25:58,885 RW - vertex 16730. Time : 0.00011277198791503906s
2026-03-11 10:25:58,886 RW - vertex 30831. Time : 0.0001087188720703125s
2026-03-11 10:25:58,886 RW - vertex 41751. Time : 0.00011491775512695312s
2026-03-11 10:25:58,886 RW - vertex 30687. Time : 0.00010704994201660156s
2026-03-11 10:25:58,886 RW - vertex 27489. Time : 0.0001220703125s
2026-03-11 10:25:58,886 RW - vertex 54580. Time : 0.00011086463928222656s
2026-03-11 10:25:58,886 RW - vertex 48613. Time : 0.00011801719665527344s
2026-03-11 10:25:58,886 RW - vertex 30817. Time : 0.00011491775512695312s
2026-03-11 10:25:58,886 RW - vertex 16834. Time : 0.00011897087097167969s
2026-03-11 10:25:58,887 RW - vertex 16837. Time : 0.00011372566223144531s
2026-03-11 10:25:58,887 RW - vertex 30539. Time : 0.00010991096496582031s
2026-03-11 10:25:58,887 RW - vertex 54415. Time : 0.00011301040649414062s
2026-03-11 10:25:58,887 RW - vertex 27304. Time : 0.00011587142944335938s
2026-03-11 10:25:58,887 RW - vertex 36657. Time : 0.00011086463928222656s
2026-03-11 10:25:58,887 RW - vertex 27502. Time : 0.00011110305786132812s
2026-03-11 10:25:58,887 RW - vertex 3351. Time : 0.00013303756713867188s
2026-03-11 10:25:58,887 RW - vertex 16861. Time : 0.00012087821960449219s
2026-03-11 10:25:58,888 RW - vertex 16710. Time : 0.00011873245239257812s
2026-03-11 10:25:58,888 RW - vertex 24103. Time : 0.00011181831359863281s
2026-03-11 10:25:58,888 RW - vertex 100891. Time : 0.00010514259338378906s
2026-03-11 10:25:58,888 RW - vertex 26191. Time : 0.00011181831359863281s
2026-03-11 10:25:58,888 RW - vertex 30816. Time : 0.00011086463928222656s
2026-03-11 10:25:58,888 RW - vertex 101120. Time : 0.00011515617370605469s
2026-03-11 10:25:58,888 RW - vertex 35691. Time : 0.00010180473327636719s
2026-03-11 10:25:58,888 RW - vertex 26937. Time : 0.00011396408081054688s
2026-03-11 10:25:58,889 RW - vertex 44615. Time : 0.00012683868408203125s
2026-03-11 10:25:58,889 RW - vertex 23502. Time : 0.0001049041748046875s
2026-03-11 10:25:58,889 RW - vertex 30574. Time : 0.00010704994201660156s
2026-03-11 10:25:58,889 RW - vertex 24151. Time : 0.0001220703125s
2026-03-11 10:25:58,889 RW - vertex 30702. Time : 0.00011014938354492188s
2026-03-11 10:25:58,889 RW - vertex 16807. Time : 0.00011897087097167969s
2026-03-11 10:25:58,889 RW - vertex 117. Time : 0.00010991096496582031s
2026-03-11 10:25:58,889 RW - vertex 108604. Time : 0.00010895729064941406s
2026-03-11 10:25:58,890 RW - vertex 22104. Time : 0.00011014938354492188s
2026-03-11 10:25:58,890 RW - vertex 44162. Time : 0.00011396408081054688s
2026-03-11 10:25:58,890 RW - vertex 109595. Time : 0.00010919570922851562s
2026-03-11 10:25:58,890 RW - vertex 16751. Time : 0.00010800361633300781s
2026-03-11 10:25:58,890 RW - vertex 21916. Time : 0.00011301040649414062s
2026-03-11 10:25:58,890 RW - vertex 30824. Time : 0.00010919570922851562s
2026-03-11 10:25:58,890 RW - vertex 30659. Time : 0.00010800361633300781s
2026-03-11 10:25:58,890 RW - vertex 39960. Time : 0.00011110305786132812s
2026-03-11 10:25:58,890 RW - vertex 16898. Time : 0.0001068115234375s
2026-03-11 10:25:58,891 RW - vertex 342. Time : 0.00011420249938964844s
2026-03-11 10:25:58,891 RW - vertex 46042. Time : 0.00011014938354492188s
2026-03-11 10:25:58,891 RW - vertex 26934. Time : 0.00011801719665527344s
2026-03-11 10:25:58,891 RW - vertex 26822. Time : 0.00011014938354492188s
2026-03-11 10:25:58,891 RW - vertex 16851. Time : 0.0001232624053955078s
2026-03-11 10:25:58,891 RW - vertex 9507. Time : 0.00010704994201660156s
2026-03-11 10:25:58,891 RW - vertex 30680. Time : 0.00010609626770019531s
2026-03-11 10:25:58,891 RW - vertex 15388. Time : 0.00010895729064941406s
2026-03-11 10:25:58,892 RW - vertex 16776. Time : 0.00010585784912109375s
2026-03-11 10:25:58,892 RW - vertex 30580. Time : 0.00011801719665527344s
2026-03-11 10:25:58,892 RW - vertex 16728. Time : 0.00011491775512695312s
2026-03-11 10:25:58,892 RW - vertex 22367. Time : 0.00011587142944335938s
2026-03-11 10:25:58,892 RW - vertex 27500. Time : 0.00011086463928222656s
2026-03-11 10:25:58,892 RW - vertex 49844. Time : 0.00011515617370605469s
2026-03-11 10:25:58,892 RW - vertex 4956. Time : 9.918212890625e-05s
2026-03-11 10:25:58,892 RW - vertex 16843. Time : 0.00011086463928222656s
2026-03-11 10:25:58,893 RW - vertex 37060. Time : 0.00011491775512695312s
2026-03-11 10:25:58,893 RW - vertex 30854. Time : 0.00011205673217773438s
2026-03-11 10:25:58,893 RW - vertex 30849. Time : 0.00011014938354492188s
2026-03-11 10:25:58,893 RW - vertex 4965. Time : 0.00010776519775390625s
2026-03-11 10:25:58,893 RW - vertex 30888. Time : 0.00011396408081054688s
2026-03-11 10:25:58,893 RW - vertex 16742. Time : 0.00011491775512695312s
2026-03-11 10:25:58,893 RW - vertex 2929. Time : 0.00010704994201660156s
2026-03-11 10:25:58,893 RW - vertex 22385. Time : 0.00010609626770019531s
2026-03-11 10:25:58,893 RW - vertex 16741. Time : 0.00010418891906738281s
2026-03-11 10:25:58,894 RW - vertex 4944. Time : 0.00010967254638671875s
2026-03-11 10:25:58,894 RW - vertex 30573. Time : 0.000125885009765625s
2026-03-11 10:25:58,894 RW - vertex 23967. Time : 0.00011801719665527344s
2026-03-11 10:25:58,894 RW - vertex 105713. Time : 0.00011992454528808594s
2026-03-11 10:25:58,894 RW - vertex 9480. Time : 0.00010800361633300781s
2026-03-11 10:25:58,894 RW - vertex 26203. Time : 0.00011587142944335938s
2026-03-11 10:25:58,894 RW - vertex 100849. Time : 0.00011086463928222656s
2026-03-11 10:25:58,894 RW - vertex 23001. Time : 0.0001068115234375s
2026-03-11 10:25:58,895 RW - vertex 16849. Time : 0.00011992454528808594s
2026-03-11 10:25:58,895 RW - vertex 22373. Time : 0.00011587142944335938s
2026-03-11 10:25:58,895 RW - vertex 102326. Time : 0.00010371208190917969s
2026-03-11 10:25:58,895 RW - vertex 21872. Time : 0.00011587142944335938s
2026-03-11 10:25:58,895 RW - vertex 30751. Time : 0.0001068115234375s
2026-03-11 10:25:58,895 RW - vertex 2567. Time : 0.00011682510375976562s
2026-03-11 10:25:58,895 RW - vertex 9466. Time : 0.00010895729064941406s
2026-03-11 10:25:58,895 RW - vertex 100976. Time : 0.00011301040649414062s
2026-03-11 10:25:58,896 RW - vertex 16709. Time : 0.00011014938354492188s
2026-03-11 10:25:58,896 RW - vertex 30708. Time : 0.00011801719665527344s
2026-03-11 10:25:58,896 RW - vertex 30724. Time : 0.00011515617370605469s
2026-03-11 10:25:58,896 RW - vertex 4109. Time : 0.00011992454528808594s
2026-03-11 10:25:58,896 RW - vertex 46135. Time : 0.00011491775512695312s
2026-03-11 10:25:58,896 RW - vertex 26939. Time : 0.00010895729064941406s
2026-03-11 10:25:58,896 RW - vertex 38285. Time : 0.00010800361633300781s
2026-03-11 10:25:58,896 RW - vertex 48919. Time : 0.00011396408081054688s
2026-03-11 10:25:58,897 RW - vertex 3680. Time : 0.00011396408081054688s
2026-03-11 10:25:58,897 RW - vertex 44662. Time : 0.00010800361633300781s
2026-03-11 10:25:58,897 RW - vertex 36405. Time : 0.00011086463928222656s
2026-03-11 10:25:58,897 RW - vertex 2938. Time : 0.00011181831359863281s
2026-03-11 10:25:58,897 RW - vertex 41237. Time : 0.00011491775512695312s
2026-03-11 10:25:58,897 RW - vertex 26688. Time : 0.0001010894775390625s
2026-03-11 10:25:58,897 RW - vertex 15325. Time : 0.00011396408081054688s
2026-03-11 10:25:58,897 RW - vertex 3879. Time : 0.00010991096496582031s
2026-03-11 10:25:58,897 RW - vertex 27477. Time : 0.00010991096496582031s
2026-03-11 10:25:58,898 RW - vertex 30886. Time : 0.00011301040649414062s
2026-03-11 10:25:58,898 RW - vertex 5004. Time : 0.00010800361633300781s
2026-03-11 10:25:58,898 RW - vertex 48587. Time : 0.00010919570922851562s
2026-03-11 10:25:58,898 RW - vertex 49169. Time : 0.00011014938354492188s
2026-03-11 10:25:58,898 RW - vertex 39957. Time : 0.00011205673217773438s
2026-03-11 10:25:58,898 RW - vertex 30681. Time : 0.00010371208190917969s
2026-03-11 10:25:58,898 RW - vertex 1009. Time : 0.00011801719665527344s
2026-03-11 10:25:58,898 RW - vertex 16583. Time : 0.0001227855682373047s
2026-03-11 10:25:58,899 RW - vertex 44149. Time : 0.00011873245239257812s
2026-03-11 10:25:58,899 RW - vertex 26947. Time : 0.00011396408081054688s
2026-03-11 10:25:58,899 RW - vertex 41718. Time : 0.0001010894775390625s
2026-03-11 10:25:58,899 RW - vertex 37058. Time : 0.00010704994201660156s
2026-03-11 10:25:58,899 RW - vertex 30588. Time : 0.00011324882507324219s
2026-03-11 10:25:58,899 RW - vertex 30865. Time : 0.0001049041748046875s
2026-03-11 10:25:58,899 RW - vertex 820. Time : 0.00011324882507324219s
2026-03-11 10:25:58,899 RW - vertex 39318. Time : 0.00011086463928222656s
2026-03-11 10:25:58,899 RW - vertex 16716. Time : 0.00011491775512695312s
2026-03-11 10:25:58,900 RW - vertex 43834. Time : 0.00012612342834472656s
2026-03-11 10:25:58,900 RW - vertex 24105. Time : 0.00010991096496582031s
2026-03-11 10:25:58,900 RW - vertex 30807. Time : 0.00011610984802246094s
2026-03-11 10:25:58,900 RW - vertex 778. Time : 0.00011491775512695312s
2026-03-11 10:25:58,900 RW - vertex 30720. Time : 0.00010800361633300781s
2026-03-11 10:25:58,900 RW - vertex 30577. Time : 0.00011491775512695312s
2026-03-11 10:25:58,900 RW - vertex 45111. Time : 0.00011491775512695312s
2026-03-11 10:25:58,900 RW - vertex 817. Time : 0.00011801719665527344s
2026-03-11 10:25:58,901 RW - vertex 54526. Time : 0.00011706352233886719s
2026-03-11 10:25:58,901 RW - vertex 39954. Time : 0.00011873245239257812s
2026-03-11 10:25:58,901 RW - vertex 23492. Time : 0.00011706352233886719s
2026-03-11 10:25:58,901 RW - vertex 30692. Time : 0.00010704994201660156s
2026-03-11 10:25:58,901 RW - vertex 47586. Time : 0.00010585784912109375s
2026-03-11 10:25:58,901 RW - vertex 30682. Time : 0.00010418891906738281s
2026-03-11 10:25:58,901 RW - vertex 23528. Time : 0.00010704994201660156s
2026-03-11 10:25:58,901 RW - vertex 16828. Time : 0.00011110305786132812s
2026-03-11 10:25:58,902 RW - vertex 9460. Time : 0.00011491775512695312s
2026-03-11 10:25:58,902 RW - vertex 3717. Time : 0.00011801719665527344s
2026-03-11 10:25:58,902 RW - vertex 16585. Time : 0.00010228157043457031s
2026-03-11 10:25:58,902 RW - vertex 16866. Time : 0.0001201629638671875s
2026-03-11 10:25:58,902 RW - vertex 44576. Time : 0.00011897087097167969s
2026-03-11 10:25:58,902 RW - vertex 9477. Time : 0.0001049041748046875s
2026-03-11 10:25:58,902 RW - vertex 16814. Time : 0.00011110305786132812s
2026-03-11 10:25:58,902 RW - vertex 1273. Time : 0.00011086463928222656s
2026-03-11 10:25:58,903 RW - vertex 41832. Time : 0.00010514259338378906s
2026-03-11 10:25:58,903 RW - vertex 44170. Time : 0.00011205673217773438s
2026-03-11 10:25:58,903 RW - vertex 16798. Time : 0.00011920928955078125s
2026-03-11 10:25:58,903 RW - vertex 16901. Time : 0.00010895729064941406s
2026-03-11 10:25:58,903 RW - vertex 30809. Time : 0.00011491775512695312s
2026-03-11 10:25:58,903 RW - vertex 16715. Time : 0.00010704994201660156s
2026-03-11 10:25:58,903 RW - vertex 30607. Time : 0.00011706352233886719s
2026-03-11 10:25:58,903 RW - vertex 44152. Time : 0.00011420249938964844s
2026-03-11 10:25:58,903 RW - vertex 30874. Time : 0.00011396408081054688s
2026-03-11 10:25:58,904 RW - vertex 47085. Time : 0.00011301040649414062s
2026-03-11 10:25:58,904 RW - vertex 3487. Time : 0.00010585784912109375s
2026-03-11 10:25:58,904 RW - vertex 26693. Time : 0.00010704994201660156s
2026-03-11 10:25:58,904 RW - vertex 39950. Time : 0.00011086463928222656s
2026-03-11 10:25:58,904 RW - vertex 39942. Time : 0.00011301040649414062s
2026-03-11 10:25:58,904 RW - vertex 49210. Time : 0.00012111663818359375s
2026-03-11 10:25:58,904 RW - vertex 30753. Time : 0.00010919570922851562s
2026-03-11 10:25:58,904 RW - vertex 44165. Time : 0.00010800361633300781s
2026-03-11 10:25:58,905 RW - vertex 109425. Time : 0.00010228157043457031s
2026-03-11 10:25:58,905 RW - vertex 46302. Time : 9.918212890625e-05s
2026-03-11 10:25:58,905 RW - vertex 16819. Time : 0.00012111663818359375s
2026-03-11 10:25:58,905 RW - vertex 45211. Time : 0.00011491775512695312s
2026-03-11 10:25:58,905 RW - vertex 40966. Time : 0.00011515617370605469s
2026-03-11 10:25:58,905 RW - vertex 16413. Time : 0.00010895729064941406s
2026-03-11 10:25:58,905 RW - vertex 30592. Time : 0.00010800361633300781s
2026-03-11 10:25:58,905 RW - vertex 16785. Time : 0.00011301040649414062s
2026-03-11 10:25:58,906 RW - vertex 121. Time : 0.00010991096496582031s
2026-03-11 10:25:58,906 RW - vertex 3244. Time : 0.00011229515075683594s
2026-03-11 10:25:58,906 RW - vertex 23524. Time : 0.00010323524475097656s
2026-03-11 10:25:58,906 RW - vertex 24108. Time : 0.0001049041748046875s
2026-03-11 10:25:58,906 RW - vertex 21998. Time : 0.00012421607971191406s
2026-03-11 10:25:58,906 RW - vertex 41233. Time : 0.00011301040649414062s
2026-03-11 10:25:58,906 RW - vertex 4348. Time : 0.00011205673217773438s
2026-03-11 10:25:58,906 RW - vertex 30686. Time : 0.00011897087097167969s
2026-03-11 10:25:58,906 RW - vertex 30717. Time : 0.00011491775512695312s
2026-03-11 10:25:58,907 RW - vertex 24104. Time : 0.00010967254638671875s
2026-03-11 10:25:58,907 RW - vertex 30749. Time : 0.00011205673217773438s
2026-03-11 10:25:58,907 RW - vertex 27508. Time : 0.00011229515075683594s
2026-03-11 10:25:58,907 RW - vertex 30582. Time : 0.00011706352233886719s
2026-03-11 10:25:58,907 RW - vertex 16580. Time : 0.00011682510375976562s
2026-03-11 10:25:58,907 RW - vertex 39965. Time : 0.00011205673217773438s
2026-03-11 10:25:58,907 RW - vertex 4214. Time : 0.00011801719665527344s
2026-03-11 10:25:58,907 RW - vertex 26946. Time : 0.00012111663818359375s
2026-03-11 10:25:58,908 RW - vertex 749. Time : 0.00010228157043457031s
2026-03-11 10:25:58,908 RW - vertex 37512. Time : 0.00011205673217773438s
2026-03-11 10:25:58,908 RW - vertex 49409. Time : 0.00011610984802246094s
2026-03-11 10:25:58,908 RW - vertex 30858. Time : 0.000125885009765625s
2026-03-11 10:25:58,908 RW - vertex 33512. Time : 0.00011205673217773438s
2026-03-11 10:25:58,908 RW - vertex 40703. Time : 0.00012111663818359375s
2026-03-11 10:25:58,908 RW - vertex 26184. Time : 0.00012302398681640625s
2026-03-11 10:25:58,908 RW - vertex 30765. Time : 0.000102996826171875s
2026-03-11 10:25:58,909 RW - vertex 3480. Time : 0.00011205673217773438s
2026-03-11 10:25:58,909 RW - vertex 46325. Time : 0.00011706352233886719s
2026-03-11 10:25:58,909 RW - vertex 30811. Time : 0.00010800361633300781s
2026-03-11 10:25:58,909 RW - vertex 26199. Time : 0.00011301040649414062s
2026-03-11 10:25:58,909 RW - vertex 2611. Time : 0.00011706352233886719s
2026-03-11 10:25:58,909 RW - vertex 30767. Time : 0.00011515617370605469s
2026-03-11 10:25:58,909 RW - vertex 21599. Time : 0.00011491775512695312s
2026-03-11 10:25:58,909 RW - vertex 46452. Time : 0.00011301040649414062s
2026-03-11 10:25:58,910 RW - vertex 30870. Time : 0.00010991096496582031s
2026-03-11 10:25:58,910 RW - vertex 3671. Time : 0.00011491775512695312s
2026-03-11 10:25:58,910 RW - vertex 16737. Time : 0.00013208389282226562s
2026-03-11 10:25:58,910 RW - vertex 16714. Time : 0.00013494491577148438s
2026-03-11 10:25:58,910 RW - vertex 102820. Time : 0.00013899803161621094s
2026-03-11 10:25:58,910 RW - vertex 23522. Time : 0.0001201629638671875s
2026-03-11 10:25:58,910 RW - vertex 26949. Time : 0.0001399517059326172s
2026-03-11 10:25:58,911 RW - vertex 26938. Time : 0.00015211105346679688s
2026-03-11 10:25:58,911 RW - vertex 39123. Time : 0.00013113021850585938s
2026-03-11 10:25:58,911 RW - vertex 30744. Time : 0.0001468658447265625s
2026-03-11 10:25:58,911 RW - vertex 16865. Time : 0.0001480579376220703s
2026-03-11 10:25:58,911 RW - vertex 26924. Time : 0.00012993812561035156s
2026-03-11 10:25:58,911 RW - vertex 16768. Time : 0.00013899803161621094s
2026-03-11 10:25:58,911 RW - vertex 30773. Time : 0.0001289844512939453s
2026-03-11 10:25:58,912 RW - vertex 30832. Time : 0.00012111663818359375s
2026-03-11 10:25:58,912 RW - vertex 717. Time : 0.00012373924255371094s
2026-03-11 10:25:58,912 RW - vertex 16745. Time : 0.00011873245239257812s
2026-03-11 10:25:58,912 RW - vertex 16792. Time : 0.00011992454528808594s
2026-03-11 10:25:58,912 RW - vertex 23267. Time : 0.00012087821960449219s
2026-03-11 10:25:58,912 RW - vertex 24168. Time : 0.00011301040649414062s
2026-03-11 10:25:58,912 RW - vertex 30690. Time : 0.0001289844512939453s
2026-03-11 10:25:58,912 RW - vertex 46468. Time : 0.00012421607971191406s
2026-03-11 10:25:58,913 RW - vertex 44148. Time : 0.00012493133544921875s
2026-03-11 10:25:58,913 RW - vertex 3692. Time : 0.00013589859008789062s
2026-03-11 10:25:58,913 RW - vertex 30761. Time : 0.00012493133544921875s
2026-03-11 10:25:58,913 RW - vertex 16868. Time : 0.0001232624053955078s
2026-03-11 10:25:58,913 RW - vertex 30833. Time : 0.00013017654418945312s
2026-03-11 10:25:58,913 RW - vertex 30752. Time : 0.00013113021850585938s
2026-03-11 10:25:58,913 RW - vertex 49233. Time : 0.00012421607971191406s
2026-03-11 10:25:58,914 RW - vertex 30709. Time : 0.0001270771026611328s
2026-03-11 10:25:58,914 RW - vertex 16726. Time : 0.00013113021850585938s
2026-03-11 10:25:58,914 RW - vertex 16789. Time : 0.00011801719665527344s
2026-03-11 10:25:58,914 RW - vertex 2505. Time : 0.00013685226440429688s
2026-03-11 10:25:58,914 RW - vertex 36611. Time : 0.0001251697540283203s
2026-03-11 10:25:58,914 RW - vertex 16810. Time : 0.00013113021850585938s
2026-03-11 10:25:58,914 RW - vertex 36402. Time : 0.00012111663818359375s
2026-03-11 10:25:58,914 RW - vertex 34520. Time : 0.00011801719665527344s
2026-03-11 10:25:58,915 RW - vertex 30787. Time : 0.00014209747314453125s
2026-03-11 10:25:58,915 RW - vertex 23518. Time : 0.00011897087097167969s
2026-03-11 10:25:58,915 RW - vertex 26926. Time : 0.0001227855682373047s
2026-03-11 10:25:58,915 RW - vertex 30806. Time : 0.00012373924255371094s
2026-03-11 10:25:58,915 RW - vertex 39929. Time : 0.00013709068298339844s
2026-03-11 10:25:58,915 RW - vertex 21990. Time : 0.00013399124145507812s
2026-03-11 10:25:58,915 RW - vertex 48758. Time : 0.00012421607971191406s
2026-03-11 10:25:58,916 RW - vertex 39944. Time : 0.00011086463928222656s
2026-03-11 10:25:58,916 RW - vertex 22374. Time : 0.00013065338134765625s
2026-03-11 10:25:58,916 RW - vertex 9508. Time : 0.0001239776611328125s
2026-03-11 10:25:58,916 RW - vertex 2994. Time : 0.00012993812561035156s
2026-03-11 10:25:58,916 RW - vertex 30763. Time : 0.00011324882507324219s
2026-03-11 10:25:58,916 RW - vertex 16777. Time : 0.00011706352233886719s
2026-03-11 10:25:58,916 RW - vertex 34. Time : 0.00011920928955078125s
2026-03-11 10:25:58,916 RW - vertex 43468. Time : 0.00012111663818359375s
2026-03-11 10:25:58,917 RW - vertex 16721. Time : 0.00011992454528808594s
2026-03-11 10:25:58,917 RW - vertex 16723. Time : 0.0001239776611328125s
2026-03-11 10:25:58,917 RW - vertex 2697. Time : 0.00011587142944335938s
2026-03-11 10:25:58,917 RW - vertex 35694. Time : 0.00011324882507324219s
2026-03-11 10:25:58,917 RW - vertex 48281. Time : 0.00010991096496582031s
2026-03-11 10:25:58,917 RW - vertex 236. Time : 0.00012183189392089844s
2026-03-11 10:25:58,917 RW - vertex 42030. Time : 0.00012683868408203125s
2026-03-11 10:25:58,917 RW - vertex 16827. Time : 0.00012493133544921875s
2026-03-11 10:25:58,918 RW - vertex 47704. Time : 0.00012421607971191406s
2026-03-11 10:25:58,918 RW - vertex 3667. Time : 0.0001239776611328125s
2026-03-11 10:25:58,918 RW - vertex 48178. Time : 0.00012183189392089844s
2026-03-11 10:25:58,918 RW - vertex 49879. Time : 0.00012111663818359375s
2026-03-11 10:25:58,918 RW - vertex 30799. Time : 0.0001201629638671875s
2026-03-11 10:25:58,918 RW - vertex 35631. Time : 0.00011014938354492188s
2026-03-11 10:25:58,918 RW - vertex 42963. Time : 0.0001220703125s
2026-03-11 10:25:58,919 RW - vertex 26923. Time : 0.00011301040649414062s
2026-03-11 10:25:58,919 RW - vertex 30703. Time : 0.0001239776611328125s
2026-03-11 10:25:58,919 RW - vertex 16896. Time : 0.00012612342834472656s
2026-03-11 10:25:58,919 RW - vertex 5070. Time : 0.0001227855682373047s
2026-03-11 10:25:58,919 RW - vertex 22069. Time : 0.00011801719665527344s
2026-03-11 10:25:58,919 RW - vertex 27290. Time : 0.00012063980102539062s
2026-03-11 10:25:58,919 RW - vertex 47041. Time : 0.00011968612670898438s
2026-03-11 10:25:58,919 RW - vertex 2619. Time : 0.00011587142944335938s
2026-03-11 10:25:58,920 RW - vertex 45560. Time : 0.00011801719665527344s
2026-03-11 10:25:58,920 RW - vertex 30819. Time : 0.0001308917999267578s
2026-03-11 10:25:58,920 RW - vertex 30583. Time : 0.00012302398681640625s
2026-03-11 10:25:58,920 RW - vertex 107919. Time : 0.0001227855682373047s
2026-03-11 10:25:58,920 RW - vertex 3619. Time : 0.00011706352233886719s
2026-03-11 10:25:58,920 RW - vertex 30741. Time : 0.00011706352233886719s
2026-03-11 10:25:58,920 RW - vertex 46587. Time : 0.0001220703125s
2026-03-11 10:25:58,920 RW - vertex 40701. Time : 0.00013899803161621094s
2026-03-11 10:25:58,921 RW - vertex 30691. Time : 0.0001239776611328125s
2026-03-11 10:25:58,921 RW - vertex 47535. Time : 0.00012087821960449219s
2026-03-11 10:25:58,921 RW - vertex 16566. Time : 0.0001308917999267578s
2026-03-11 10:25:58,921 RW - vertex 30713. Time : 0.00011491775512695312s
2026-03-11 10:25:58,921 RW - vertex 37049. Time : 0.00011587142944335938s
2026-03-11 10:25:58,921 RW - vertex 16740. Time : 0.00011587142944335938s
2026-03-11 10:25:58,921 RW - vertex 30818. Time : 0.00012183189392089844s
2026-03-11 10:25:58,922 RW - vertex 54390. Time : 0.00011968612670898438s
2026-03-11 10:25:58,922 RW - vertex 22372. Time : 0.00011873245239257812s
2026-03-11 10:25:58,922 RW - vertex 46849. Time : 0.00011873245239257812s
2026-03-11 10:25:58,922 RW - vertex 41238. Time : 0.0001227855682373047s
2026-03-11 10:25:58,922 RW - vertex 16736. Time : 0.0001277923583984375s
2026-03-11 10:25:58,922 RW - vertex 24083. Time : 0.00012803077697753906s
2026-03-11 10:25:58,922 RW - vertex 16905. Time : 0.00011181831359863281s
2026-03-11 10:25:58,922 RW - vertex 16694. Time : 0.00011682510375976562s
2026-03-11 10:25:58,923 RW - vertex 30820. Time : 0.00011181831359863281s
2026-03-11 10:25:58,923 RW - vertex 30566. Time : 0.00010991096496582031s
2026-03-11 10:25:58,923 RW - vertex 5855. Time : 0.00011491775512695312s
2026-03-11 10:25:58,923 RW - vertex 43158. Time : 0.0001232624053955078s
2026-03-11 10:25:58,923 RW - vertex 48207. Time : 0.0001327991485595703s
2026-03-11 10:25:58,923 RW - vertex 41525. Time : 0.000110626220703125s
2026-03-11 10:25:58,923 RW - vertex 30676. Time : 0.00012683868408203125s
2026-03-11 10:25:58,923 RW - vertex 30826. Time : 0.00011491775512695312s
2026-03-11 10:25:58,924 RW - vertex 30714. Time : 0.00011706352233886719s
2026-03-11 10:25:58,924 RW - vertex 45207. Time : 0.00011706352233886719s
2026-03-11 10:25:58,924 RW - vertex 5000. Time : 0.0001270771026611328s
2026-03-11 10:25:58,924 RW - vertex 16766. Time : 0.00011706352233886719s
2026-03-11 10:25:58,924 RW - vertex 21887. Time : 0.00011992454528808594s
2026-03-11 10:25:58,924 RW - vertex 37074. Time : 0.00011277198791503906s
2026-03-11 10:25:58,924 RW - vertex 30855. Time : 0.00011205673217773438s
2026-03-11 10:25:58,924 RW - vertex 24158. Time : 0.0001232624053955078s
2026-03-11 10:25:58,925 RW - vertex 2683. Time : 0.00011801719665527344s
2026-03-11 10:25:58,925 RW - vertex 16727. Time : 0.0001049041748046875s
2026-03-11 10:25:58,925 RW - vertex 16839. Time : 0.0001220703125s
2026-03-11 10:25:58,925 RW - vertex 16907. Time : 0.00011420249938964844s
2026-03-11 10:25:58,925 RW - vertex 30866. Time : 0.0001201629638671875s
2026-03-11 10:25:58,925 RW - vertex 16572. Time : 0.00011610984802246094s
2026-03-11 10:25:58,925 RW - vertex 16574. Time : 0.00011897087097167969s
2026-03-11 10:25:58,925 RW - vertex 22042. Time : 0.00011491775512695312s
2026-03-11 10:25:58,926 RW - vertex 30700. Time : 0.00012183189392089844s
2026-03-11 10:25:58,926 RW - vertex 44501. Time : 0.0001239776611328125s
2026-03-11 10:25:58,926 RW - vertex 46503. Time : 0.0001201629638671875s
2026-03-11 10:25:58,926 RW - vertex 16801. Time : 0.00010991096496582031s
2026-03-11 10:25:58,926 RW - vertex 14483. Time : 0.00011396408081054688s
2026-03-11 10:25:58,926 RW - vertex 15483. Time : 0.00011610984802246094s
2026-03-11 10:25:58,926 RW - vertex 36632. Time : 0.00011181831359863281s
2026-03-11 10:25:58,926 RW - vertex 30869. Time : 0.00011992454528808594s
2026-03-11 10:25:58,927 RW - vertex 49136. Time : 0.0001068115234375s
2026-03-11 10:25:58,927 RW - vertex 30808. Time : 0.00011396408081054688s
2026-03-11 10:25:58,927 RW - vertex 16900. Time : 0.00012111663818359375s
2026-03-11 10:25:58,927 RW - vertex 22321. Time : 0.0001220703125s
2026-03-11 10:25:58,927 RW - vertex 16870. Time : 0.00012183189392089844s
2026-03-11 10:25:58,927 RW - vertex 30827. Time : 0.00011205673217773438s
2026-03-11 10:25:58,927 RW - vertex 26932. Time : 0.00011897087097167969s
2026-03-11 10:25:58,927 RW - vertex 28448. Time : 0.00011706352233886719s
2026-03-11 10:25:58,928 RW - vertex 27506. Time : 0.00011897087097167969s
2026-03-11 10:25:58,928 RW - vertex 30674. Time : 0.00011396408081054688s
2026-03-11 10:25:58,928 RW - vertex 16824. Time : 0.0001201629638671875s
2026-03-11 10:25:58,928 RW - vertex 30738. Time : 0.00012111663818359375s
2026-03-11 10:25:58,928 RW - vertex 107354. Time : 0.00011897087097167969s
2026-03-11 10:25:58,928 RW - vertex 30785. Time : 0.00012612342834472656s
2026-03-11 10:25:58,928 RW - vertex 41241. Time : 0.00011968612670898438s
2026-03-11 10:25:58,929 RW - vertex 41104. Time : 0.00011110305786132812s
2026-03-11 10:25:58,929 RW - vertex 16576. Time : 0.00011801719665527344s
2026-03-11 10:25:58,929 RW - vertex 1432. Time : 0.00011587142944335938s
2026-03-11 10:25:58,929 RW - vertex 30701. Time : 0.00011396408081054688s
2026-03-11 10:25:58,929 RW - vertex 5850. Time : 0.00012183189392089844s
2026-03-11 10:25:58,929 RW - vertex 27491. Time : 0.00011610984802246094s
2026-03-11 10:25:58,930 RW - vertex 24065. Time : 0.00012302398681640625s
2026-03-11 10:25:58,930 RW - vertex 2524. Time : 0.00012063980102539062s
2026-03-11 10:25:58,930 RW - vertex 43048. Time : 0.00011086463928222656s
2026-03-11 10:25:58,930 RW - vertex 49430. Time : 0.0001239776611328125s
2026-03-11 10:25:58,930 RW - vertex 37800. Time : 0.00012803077697753906s
2026-03-11 10:25:58,930 RW - vertex 44647. Time : 0.0001361370086669922s
2026-03-11 10:25:58,930 RW - vertex 22380. Time : 0.00013208389282226562s
2026-03-11 10:25:58,930 RW - vertex 37523. Time : 0.00012493133544921875s
2026-03-11 10:25:58,931 RW - vertex 3522. Time : 0.0001289844512939453s
2026-03-11 10:25:58,931 RW - vertex 49562. Time : 0.0001232624053955078s
2026-03-11 10:25:58,931 RW - vertex 39948. Time : 0.00012493133544921875s
2026-03-11 10:25:58,931 RW - vertex 9478. Time : 0.00011515617370605469s
2026-03-11 10:25:58,931 RW - vertex 21894. Time : 0.0001201629638671875s
2026-03-11 10:25:58,931 RW - vertex 1245. Time : 0.00011014938354492188s
2026-03-11 10:25:58,931 RW - vertex 779. Time : 0.00012183189392089844s
2026-03-11 10:25:58,932 RW - vertex 30745. Time : 0.00012183189392089844s
2026-03-11 10:25:58,932 RW - vertex 30570. Time : 0.0001418590545654297s
2026-03-11 10:25:58,932 RW - vertex 30801. Time : 0.0001399517059326172s
2026-03-11 10:25:58,932 RW - vertex 16688. Time : 0.000125885009765625s
2026-03-11 10:25:58,932 RW - vertex 44169. Time : 0.00011920928955078125s
2026-03-11 10:25:58,932 RW - vertex 49137. Time : 0.00013899803161621094s
2026-03-11 10:25:58,932 RW - vertex 30762. Time : 0.00015091896057128906s
2026-03-11 10:25:58,933 RW - vertex 38271. Time : 0.00014400482177734375s
2026-03-11 10:25:58,933 RW - vertex 30814. Time : 0.0001480579376220703s
2026-03-11 10:25:58,933 RW - vertex 16844. Time : 0.00014901161193847656s
2026-03-11 10:25:58,933 RW - vertex 22375. Time : 0.00011301040649414062s
2026-03-11 10:25:58,933 RW - vertex 43142. Time : 0.00012731552124023438s
2026-03-11 10:25:58,933 RW - vertex 16724. Time : 0.0001201629638671875s
2026-03-11 10:25:58,933 RW - vertex 16892. Time : 0.00011587142944335938s
2026-03-11 10:25:58,933 RW - vertex 3674. Time : 0.00012302398681640625s
2026-03-11 10:25:58,934 RW - vertex 40992. Time : 0.0001289844512939453s
2026-03-11 10:25:58,934 RW - vertex 16846. Time : 0.00012373924255371094s
2026-03-11 10:25:58,934 RW - vertex 30711. Time : 0.00012183189392089844s
2026-03-11 10:25:58,934 RW - vertex 30846. Time : 0.00011706352233886719s
2026-03-11 10:25:58,934 RW - vertex 102023. Time : 0.00011491775512695312s
2026-03-11 10:25:58,934 RW - vertex 44732. Time : 0.00011229515075683594s
2026-03-11 10:25:58,934 RW - vertex 30684. Time : 0.0001220703125s
2026-03-11 10:25:58,935 RW - vertex 486. Time : 0.00011491775512695312s
2026-03-11 10:25:58,935 RW - vertex 44164. Time : 0.00011801719665527344s
2026-03-11 10:25:58,935 RW - vertex 30758. Time : 0.00011301040649414062s
2026-03-11 10:25:58,935 RW - vertex 106781. Time : 0.00012421607971191406s
2026-03-11 10:25:58,935 RW - vertex 3033. Time : 0.00011181831359863281s
2026-03-11 10:25:58,935 RW - vertex 16871. Time : 0.00012493133544921875s
2026-03-11 10:25:58,935 RW - vertex 16788. Time : 0.00012111663818359375s
2026-03-11 10:25:58,935 RW - vertex 44155. Time : 0.00011014938354492188s
2026-03-11 10:25:58,936 RW - vertex 44163. Time : 0.0001239776611328125s
2026-03-11 10:25:58,936 RW - vertex 30830. Time : 0.00011181831359863281s
2026-03-11 10:25:58,936 RW - vertex 16761. Time : 0.00011801719665527344s
2026-03-11 10:25:58,936 RW - vertex 39947. Time : 0.00011610984802246094s
2026-03-11 10:25:58,936 RW - vertex 24088. Time : 0.00012373924255371094s
2026-03-11 10:25:58,936 RW - vertex 22384. Time : 0.0001220703125s
2026-03-11 10:25:58,936 RW - vertex 46772. Time : 0.00011205673217773438s
2026-03-11 10:25:58,936 RW - vertex 22378. Time : 0.0001270771026611328s
2026-03-11 10:25:58,937 RW - vertex 16822. Time : 0.00010919570922851562s
2026-03-11 10:25:58,937 RW - vertex 16850. Time : 0.00012969970703125s
2026-03-11 10:25:58,937 RW - vertex 33406. Time : 0.00014281272888183594s
2026-03-11 10:25:58,937 RW - vertex 45615. Time : 0.00013518333435058594s
2026-03-11 10:25:58,937 RW - vertex 30732. Time : 0.00011801719665527344s
2026-03-11 10:25:58,937 RW - vertex 39943. Time : 0.00012111663818359375s
2026-03-11 10:25:58,937 RW - vertex 3559. Time : 0.00011992454528808594s
2026-03-11 10:25:58,937 RW - vertex 46495. Time : 0.00011110305786132812s
2026-03-11 10:25:58,938 RW - vertex 16875. Time : 0.00012993812561035156s
2026-03-11 10:25:58,938 RW - vertex 4510. Time : 0.00011682510375976562s
2026-03-11 10:25:58,938 RW - vertex 26675. Time : 0.00012230873107910156s
2026-03-11 10:25:58,938 RW - vertex 16874. Time : 0.00011897087097167969s
2026-03-11 10:25:58,938 RW - vertex 4029. Time : 0.00011610984802246094s
2026-03-11 10:25:58,938 RW - vertex 3602. Time : 0.00011086463928222656s
2026-03-11 10:25:58,938 RW - vertex 106356. Time : 0.00011587142944335938s
2026-03-11 10:25:58,938 RW - vertex 23525. Time : 0.00010704994201660156s
2026-03-11 10:25:58,939 RW - vertex 30699. Time : 0.00011801719665527344s
2026-03-11 10:25:58,939 RW - vertex 48915. Time : 0.00010800361633300781s
2026-03-11 10:25:58,939 RW - vertex 44151. Time : 0.00011515617370605469s
2026-03-11 10:25:58,939 RW - vertex 9464. Time : 0.00011897087097167969s
2026-03-11 10:25:58,939 RW - vertex 109051. Time : 0.00011897087097167969s
2026-03-11 10:25:58,939 RW - vertex 22022. Time : 0.00011301040649414062s
2026-03-11 10:25:58,939 RW - vertex 16878. Time : 0.00011205673217773438s
2026-03-11 10:25:58,939 RW - vertex 30689. Time : 0.00011920928955078125s
2026-03-11 10:25:58,940 RW - vertex 3222. Time : 0.00011992454528808594s
2026-03-11 10:25:58,940 RW - vertex 3248. Time : 0.00011897087097167969s
2026-03-11 10:25:58,940 RW - vertex 4059. Time : 0.00011181831359863281s
2026-03-11 10:25:58,940 RW - vertex 102560. Time : 0.00011372566223144531s
2026-03-11 10:25:58,940 RW - vertex 30586. Time : 0.00011587142944335938s
2026-03-11 10:25:58,940 RW - vertex 3077. Time : 0.00012373924255371094s
2026-03-11 10:25:58,940 RW - vertex 36749. Time : 0.00012302398681640625s
2026-03-11 10:25:58,940 RW - vertex 30812. Time : 0.00011920928955078125s
2026-03-11 10:25:58,941 RW - vertex 4561. Time : 0.00011396408081054688s
2026-03-11 10:25:58,941 RW - vertex 30737. Time : 0.00011301040649414062s
2026-03-11 10:25:58,941 RW - vertex 16811. Time : 0.00011587142944335938s
2026-03-11 10:25:58,941 RW - vertex 54587. Time : 0.00011587142944335938s
2026-03-11 10:25:58,941 RW - vertex 16725. Time : 0.00011515617370605469s
2026-03-11 10:25:58,941 RW - vertex 44664. Time : 0.00011277198791503906s
2026-03-11 10:25:58,941 RW - vertex 24888. Time : 0.00010704994201660156s
2026-03-11 10:25:58,941 RW - vertex 44147. Time : 0.00011777877807617188s
2026-03-11 10:25:58,942 RW - vertex 25065. Time : 0.0001220703125s
2026-03-11 10:25:58,942 RW - vertex 30735. Time : 0.00011420249938964844s
2026-03-11 10:25:58,942 RW - vertex 30757. Time : 0.00010704994201660156s
2026-03-11 10:25:58,942 RW - vertex 39374. Time : 0.00011706352233886719s
2026-03-11 10:25:58,942 RW - vertex 3225. Time : 0.00011682510375976562s
2026-03-11 10:25:58,942 RW - vertex 27490. Time : 0.00012111663818359375s
2026-03-11 10:25:58,942 RW - vertex 36365. Time : 0.0001277923583984375s
2026-03-11 10:25:58,942 RW - vertex 9461. Time : 0.00011396408081054688s
2026-03-11 10:25:58,943 RW - vertex 39792. Time : 0.00011992454528808594s
2026-03-11 10:25:58,943 RW - vertex 30661. Time : 0.00011706352233886719s
2026-03-11 10:25:58,943 RW - vertex 16735. Time : 0.00011396408081054688s
2026-03-11 10:25:58,943 RW - vertex 39848. Time : 0.00012111663818359375s
2026-03-11 10:25:58,943 RW - vertex 30868. Time : 0.0001289844512939453s
2026-03-11 10:25:58,943 RW - vertex 39959. Time : 0.00010800361633300781s
2026-03-11 10:25:58,943 RW - vertex 30779. Time : 0.00011730194091796875s
2026-03-11 10:25:58,943 RW - vertex 30790. Time : 0.00011801719665527344s
2026-03-11 10:25:58,944 RW - vertex 30890. Time : 0.0001232624053955078s
2026-03-11 10:25:58,944 RW - vertex 49839. Time : 0.0001201629638671875s
2026-03-11 10:25:58,944 RW - vertex 39981. Time : 0.00011801719665527344s
2026-03-11 10:25:58,944 RW - vertex 4353. Time : 0.00011301040649414062s
2026-03-11 10:25:58,944 RW - vertex 30815. Time : 0.00012087821960449219s
2026-03-11 10:25:58,944 RW - vertex 44789. Time : 0.00011610984802246094s
2026-03-11 10:25:58,944 RW - vertex 46659. Time : 0.00012493133544921875s
2026-03-11 10:25:58,944 RW - vertex 16800. Time : 0.00011324882507324219s
2026-03-11 10:25:58,945 RW - vertex 30857. Time : 0.00011014938354492188s
2026-03-11 10:25:58,945 RW - vertex 16772. Time : 0.00011706352233886719s
2026-03-11 10:25:58,945 RW - vertex 5747. Time : 0.00010013580322265625s
2026-03-11 10:25:58,945 RW - vertex 108468. Time : 0.00011301040649414062s
2026-03-11 10:25:58,945 RW - vertex 4954. Time : 0.00011324882507324219s
2026-03-11 10:25:58,945 RW - vertex 22901. Time : 0.00011610984802246094s
2026-03-11 10:25:58,945 RW - vertex 30780. Time : 0.00011610984802246094s
2026-03-11 10:25:58,945 RW - vertex 9481. Time : 0.00012183189392089844s
2026-03-11 10:25:58,946 RW - vertex 48269. Time : 0.00011491775512695312s
2026-03-11 10:25:58,946 RW - vertex 33392. Time : 0.00012111663818359375s
2026-03-11 10:25:58,946 RW - vertex 16743. Time : 0.00011110305786132812s
2026-03-11 10:25:58,946 RW - vertex 4338. Time : 0.00011801719665527344s
2026-03-11 10:25:58,946 RW - vertex 41791. Time : 0.00011897087097167969s
2026-03-11 10:25:58,946 RW - vertex 42011. Time : 0.0001270771026611328s
2026-03-11 10:25:58,946 RW - vertex 30782. Time : 0.00011873245239257812s
2026-03-11 10:25:58,946 RW - vertex 39940. Time : 0.00011992454528808594s
2026-03-11 10:25:58,947 RW - vertex 30688. Time : 0.00012993812561035156s
2026-03-11 10:25:58,947 RW - vertex 30697. Time : 0.0001308917999267578s
2026-03-11 10:25:58,947 RW - vertex 44166. Time : 0.0001227855682373047s
2026-03-11 10:25:58,947 RW - vertex 46175. Time : 0.00012993812561035156s
2026-03-11 10:25:58,947 RW - vertex 102664. Time : 0.00011229515075683594s
2026-03-11 10:25:58,947 RW - vertex 48728. Time : 0.00011396408081054688s
2026-03-11 10:25:58,947 RW - vertex 26198. Time : 0.00011897087097167969s
2026-03-11 10:25:58,947 RW - vertex 108227. Time : 0.00011205673217773438s
2026-03-11 10:25:58,948 RW - vertex 111. Time : 0.00011086463928222656s
2026-03-11 10:25:58,948 RW - vertex 30587. Time : 0.00011396408081054688s
2026-03-11 10:25:58,948 RW - vertex 16758. Time : 0.000125885009765625s
2026-03-11 10:25:58,948 RW - vertex 30856. Time : 0.00012803077697753906s
2026-03-11 10:25:58,948 RW - vertex 16579. Time : 0.00012493133544921875s
2026-03-11 10:25:58,948 RW - vertex 16876. Time : 0.00011873245239257812s
2026-03-11 10:25:58,948 RW - vertex 30859. Time : 0.00011396408081054688s
2026-03-11 10:25:58,948 RW - vertex 49206. Time : 0.00011897087097167969s
2026-03-11 10:25:58,949 RW - vertex 47339. Time : 0.00011301040649414062s
2026-03-11 10:25:58,949 RW - vertex 15227. Time : 0.00011706352233886719s
2026-03-11 10:25:58,949 RW - vertex 41093. Time : 0.00012183189392089844s
2026-03-11 10:25:58,949 RW - vertex 4948. Time : 0.00010633468627929688s
2026-03-11 10:25:58,949 RW - vertex 14475. Time : 0.000125885009765625s
2026-03-11 10:25:58,949 RW - vertex 21620. Time : 0.00011706352233886719s
2026-03-11 10:25:58,949 RW - vertex 31511. Time : 0.00010609626770019531s
2026-03-11 10:25:58,949 RW - vertex 16719. Time : 0.0001201629638671875s
2026-03-11 10:25:58,950 RW - vertex 21882. Time : 0.0001227855682373047s
2026-03-11 10:25:58,950 RW - vertex 24909. Time : 0.00011181831359863281s
2026-03-11 10:25:58,950 RW - vertex 16765. Time : 0.00011706352233886719s
2026-03-11 10:25:58,950 RW - vertex 30728. Time : 0.0001239776611328125s
2026-03-11 10:25:58,950 RW - vertex 44809. Time : 0.00012421607971191406s
2026-03-11 10:25:58,950 RW - vertex 105832. Time : 0.00011396408081054688s
2026-03-11 10:25:58,950 RW - vertex 30571. Time : 0.00011324882507324219s
2026-03-11 10:25:58,950 RW - vertex 3336. Time : 0.00011801719665527344s
2026-03-11 10:25:58,951 RW - vertex 26930. Time : 0.00011396408081054688s
2026-03-11 10:25:58,951 RW - vertex 41101. Time : 0.00011110305786132812s
2026-03-11 10:25:58,951 RW - vertex 37714. Time : 0.00011396408081054688s
2026-03-11 10:25:58,951 RW - vertex 47052. Time : 0.00011515617370605469s
2026-03-11 10:25:58,951 RW - vertex 3483. Time : 0.00011014938354492188s
2026-03-11 10:25:58,951 RW - vertex 46584. Time : 0.00010800361633300781s
2026-03-11 10:25:58,951 RW - vertex 39953. Time : 0.00011110305786132812s
2026-03-11 10:25:58,951 RW - vertex 26933. Time : 0.00011396408081054688s
2026-03-11 10:25:58,952 RW - vertex 30716. Time : 0.00012302398681640625s
2026-03-11 10:25:58,952 RW - vertex 16832. Time : 0.0001049041748046875s
2026-03-11 10:25:58,952 RW - vertex 108087. Time : 0.00011181831359863281s
2026-03-11 10:25:58,952 RW - vertex 41162. Time : 0.00011897087097167969s
2026-03-11 10:25:58,952 RW - vertex 26685. Time : 0.00011229515075683594s
2026-03-11 10:25:58,952 RW - vertex 44160. Time : 0.00010800361633300781s
2026-03-11 10:25:58,952 RW - vertex 47718. Time : 0.0001289844512939453s
2026-03-11 10:25:58,952 RW - vertex 3657. Time : 0.00012087821960449219s
2026-03-11 10:25:58,953 RW - vertex 46234. Time : 0.00011682510375976562s
2026-03-11 10:25:58,953 RW - vertex 15386. Time : 0.0001087188720703125s
2026-03-11 10:25:58,953 RW - vertex 38297. Time : 0.00011491775512695312s
2026-03-11 10:25:58,953 RW - vertex 38294. Time : 0.00011610984802246094s
2026-03-11 10:25:58,953 RW - vertex 16720. Time : 0.00012493133544921875s
2026-03-11 10:25:58,953 RW - vertex 30776. Time : 0.00010919570922851562s
2026-03-11 10:25:58,953 RW - vertex 16895. Time : 0.0001220703125s
2026-03-11 10:25:58,953 RW - vertex 44208. Time : 0.00011491775512695312s
2026-03-11 10:25:58,954 RW - vertex 24904. Time : 0.00011968612670898438s
2026-03-11 10:25:58,954 RW - vertex 30594. Time : 0.00011396408081054688s
2026-03-11 10:25:58,954 RW - vertex 44167. Time : 0.00011801719665527344s
2026-03-11 10:25:58,954 RW - vertex 47788. Time : 9.489059448242188e-05s
2026-03-11 10:25:58,954 RW - vertex 101920. Time : 0.00011801719665527344s
2026-03-11 10:25:58,954 RW - vertex 44175. Time : 0.00010585784912109375s
2026-03-11 10:25:58,954 RW - vertex 16881. Time : 0.00010895729064941406s
2026-03-11 10:25:58,954 RW - vertex 24098. Time : 0.0001201629638671875s
2026-03-11 10:25:58,955 RW - vertex 24080. Time : 0.0001201629638671875s
2026-03-11 10:25:58,955 RW - vertex 54550. Time : 0.00011587142944335938s
2026-03-11 10:25:58,955 RW - vertex 37061. Time : 0.00011396408081054688s
2026-03-11 10:25:58,955 RW - vertex 16763. Time : 0.00011897087097167969s
2026-03-11 10:25:58,955 RW - vertex 615. Time : 0.00012111663818359375s
2026-03-11 10:25:58,955 RW - vertex 24093. Time : 0.00011801719665527344s
2026-03-11 10:25:58,955 RW - vertex 47047. Time : 0.00011086463928222656s
2026-03-11 10:25:58,955 RW - vertex 30770. Time : 0.0001201629638671875s
2026-03-11 10:25:58,956 RW - vertex 16826. Time : 0.00011110305786132812s
2026-03-11 10:25:58,956 RW - vertex 16848. Time : 0.00011420249938964844s
2026-03-11 10:25:58,956 RW - vertex 3552. Time : 0.0001201629638671875s
2026-03-11 10:25:58,956 RW - vertex 40719. Time : 0.00010800361633300781s
2026-03-11 10:25:58,956 RW - vertex 16707. Time : 0.00011801719665527344s
2026-03-11 10:25:58,956 RW - vertex 41976. Time : 0.0001220703125s
2026-03-11 10:25:58,956 RW - vertex 47695. Time : 0.00011277198791503906s
2026-03-11 10:25:58,956 RW - vertex 49225. Time : 0.00011968612670898438s
2026-03-11 10:25:58,957 RW - vertex 22139. Time : 0.00010991096496582031s
2026-03-11 10:25:58,957 RW - vertex 45637. Time : 0.00011920928955078125s
2026-03-11 10:25:58,957 RW - vertex 44924. Time : 0.00011181831359863281s
2026-03-11 10:25:58,957 RW - vertex 24106. Time : 0.00011277198791503906s
2026-03-11 10:25:58,957 RW - vertex 30704. Time : 0.00010609626770019531s
2026-03-11 10:25:58,957 RW - vertex 30786. Time : 0.00010991096496582031s
2026-03-11 10:25:58,957 RW - vertex 37526. Time : 0.00012421607971191406s
2026-03-11 10:25:58,957 RW - vertex 46942. Time : 0.00011920928955078125s
2026-03-11 10:25:58,957 RW - vertex 2713. Time : 0.00011491775512695312s
2026-03-11 10:25:58,958 RW - vertex 15476. Time : 0.00010704994201660156s
2026-03-11 10:25:58,958 RW - vertex 219. Time : 0.00010919570922851562s
2026-03-11 10:25:58,958 RW - vertex 47208. Time : 0.00011014938354492188s
2026-03-11 10:25:58,958 RW - vertex 2507. Time : 0.00011014938354492188s
2026-03-11 10:25:58,958 RW - vertex 4571. Time : 0.00011491775512695312s
2026-03-11 10:25:58,958 RW - vertex 16733. Time : 0.00011324882507324219s
2026-03-11 10:25:58,958 RW - vertex 30695. Time : 0.00011277198791503906s
2026-03-11 10:25:58,958 RW - vertex 48433. Time : 0.000125885009765625s
2026-03-11 10:25:58,959 RW - vertex 47734. Time : 0.00011706352233886719s
2026-03-11 10:25:58,959 RW - vertex 3596. Time : 0.00011706352233886719s
2026-03-11 10:25:58,959 RW - vertex 30677. Time : 0.00011491775512695312s
2026-03-11 10:25:58,959 RW - vertex 30821. Time : 0.00011110305786132812s
2026-03-11 10:25:58,959 RW - vertex 16700. Time : 0.00011801719665527344s
2026-03-11 10:25:58,959 RW - vertex 4952. Time : 0.00010991096496582031s
2026-03-11 10:25:58,959 RW - vertex 5633. Time : 0.00011301040649414062s
2026-03-11 10:25:58,959 RW - vertex 44146. Time : 0.00010585784912109375s
2026-03-11 10:25:58,960 RW - vertex 30746. Time : 0.00011420249938964844s
2026-03-11 10:25:58,960 RW - vertex 21598. Time : 0.00011587142944335938s
2026-03-11 10:25:58,960 RW - vertex 3950. Time : 0.00011014938354492188s
2026-03-11 10:25:58,960 RW - vertex 3130. Time : 0.00010800361633300781s
2026-03-11 10:25:58,960 RW - vertex 40429. Time : 0.00011301040649414062s
2026-03-11 10:25:58,960 RW - vertex 30848. Time : 0.00010824203491210938s
2026-03-11 10:25:58,960 RW - vertex 3508. Time : 0.00011706352233886719s
2026-03-11 10:25:58,960 RW - vertex 44154. Time : 0.00010895729064941406s
2026-03-11 10:25:58,961 RW - vertex 27264. Time : 0.00012302398681640625s
2026-03-11 10:25:58,961 RW - vertex 106642. Time : 0.00011420249938964844s
2026-03-11 10:25:58,961 RW - vertex 36677. Time : 0.00011301040649414062s
2026-03-11 10:25:58,961 RW - vertex 16793. Time : 0.00011420249938964844s
2026-03-11 10:25:58,961 RW - vertex 36818. Time : 0.00011610984802246094s
2026-03-11 10:25:58,961 RW - vertex 16759. Time : 9.989738464355469e-05s
2026-03-11 10:25:58,961 RW - vertex 40109. Time : 0.00010418891906738281s
2026-03-11 10:25:58,961 RW - vertex 49159. Time : 0.00010704994201660156s
2026-03-11 10:25:58,961 RW - vertex 30803. Time : 0.00011301040649414062s
2026-03-11 10:25:58,962 RW - vertex 30712. Time : 0.00010704994201660156s
2026-03-11 10:25:58,962 RW - vertex 48299. Time : 0.00011301040649414062s
2026-03-11 10:25:58,962 RW - vertex 26197. Time : 0.00011324882507324219s
2026-03-11 10:25:58,962 RW - vertex 47570. Time : 0.00010800361633300781s
2026-03-11 10:25:58,962 RW - vertex 5319. Time : 0.00010895729064941406s
2026-03-11 10:25:58,962 RW - vertex 30679. Time : 0.00011420249938964844s
2026-03-11 10:25:58,962 RW - vertex 23487. Time : 0.00011396408081054688s
2026-03-11 10:25:58,962 RW - vertex 30861. Time : 0.00010919570922851562s
2026-03-11 10:25:58,963 RW - vertex 46721. Time : 0.00011014938354492188s
2026-03-11 10:25:58,963 RW - vertex 30503. Time : 0.00011110305786132812s
2026-03-11 10:25:58,963 RW - vertex 22830. Time : 0.00011920928955078125s
2026-03-11 10:25:58,963 RW - vertex 44168. Time : 0.00011205673217773438s
2026-03-11 10:25:58,963 RW - vertex 46603. Time : 0.00011372566223144531s
2026-03-11 10:25:58,963 RW - vertex 16820. Time : 0.00011277198791503906s
2026-03-11 10:25:58,963 RW - vertex 2734. Time : 0.00010800361633300781s
2026-03-11 10:25:58,963 RW - vertex 16842. Time : 0.00011420249938964844s
2026-03-11 10:25:58,963 RW - vertex 38959. Time : 0.00011396408081054688s
2026-03-11 10:25:58,964 RW - vertex 2686. Time : 0.00012612342834472656s
2026-03-11 10:25:58,964 RW - vertex 30771. Time : 0.00010585784912109375s
2026-03-11 10:25:58,964 RW - vertex 36644. Time : 0.0001049041748046875s
2026-03-11 10:25:58,964 RW - vertex 4216. Time : 0.00012087821960449219s
2026-03-11 10:25:58,964 RW - vertex 46001. Time : 0.0001087188720703125s
2026-03-11 10:25:58,964 RW - vertex 16809. Time : 0.00013494491577148438s
2026-03-11 10:25:58,964 RW - vertex 23486. Time : 0.00013017654418945312s
2026-03-11 10:25:58,965 RW - vertex 3087. Time : 0.00011277198791503906s
2026-03-11 10:25:58,965 RW - vertex 6179. Time : 0.00011610984802246094s
2026-03-11 10:25:58,965 RW - vertex 23261. Time : 0.00010991096496582031s
2026-03-11 10:25:58,965 RW - vertex 47694. Time : 0.0001251697540283203s
2026-03-11 10:25:58,965 RW - vertex 101944. Time : 0.00011706352233886719s
2026-03-11 10:25:58,965 RW - vertex 16840. Time : 0.00011491775512695312s
2026-03-11 10:25:58,965 RW - vertex 48486. Time : 0.00012636184692382812s
2026-03-11 10:25:58,965 RW - vertex 16778. Time : 0.00010895729064941406s
2026-03-11 10:25:58,966 RW - vertex 4976. Time : 0.00010704994201660156s
2026-03-11 10:25:58,966 RW - vertex 2384. Time : 0.00012302398681640625s
2026-03-11 10:25:58,966 RW - vertex 15334. Time : 0.00010991096496582031s

 10:25:58,942 RW - vertex 16729. Time : 0.00014209747314453125s
2026-03-11 10:25:58,943 RW - vertex 16813. Time : 0.000125885009765625s
2026-03-11 10:25:58,943 RW - vertex 22892. Time : 0.00012731552124023438s
2026-03-11 10:25:58,943 RW - vertex 24109. Time : 0.0001270771026611328s
2026-03-11 10:25:58,943 RW - vertex 21881. Time : 0.00011801719665527344s
2026-03-11 10:25:58,943 RW - vertex 16818. Time : 0.00011587142944335938s
2026-03-11 10:25:58,943 RW - vertex 30802. Time : 0.0001270771026611328s
2026-03-11 10:25:58,943 RW - vertex 21909. Time : 0.00010991096496582031s
2026-03-11 10:25:58,944 RW - vertex 15478. Time : 0.00011205673217773438s
2026-03-11 10:25:58,944 RW - vertex 30726. Time : 0.0001220703125s
2026-03-11 10:25:58,944 RW - vertex 39956. Time : 0.00010895729064941406s
2026-03-11 10:25:58,944 RW - vertex 45303. Time : 0.00011515617370605469s
2026-03-11 10:25:58,944 RW - vertex 30710. Time : 0.00011897087097167969s
2026-03-11 10:25:58,944 RW - vertex 42026. Time : 0.00014209747314453125s
2026-03-11 10:25:58,944 RW - vertex 15331. Time : 0.00013113021850585938s
2026-03-11 10:25:58,944 RW - vertex 47200. Time : 0.00012683868408203125s
2026-03-11 10:25:58,945 RW - vertex 16847. Time : 0.00012803077697753906s
2026-03-11 10:25:58,945 RW - vertex 30698. Time : 0.00012421607971191406s
2026-03-11 10:25:58,945 RW - vertex 36457. Time : 0.00011014938354492188s
2026-03-11 10:25:58,945 RW - vertex 44161. Time : 0.00012111663818359375s
2026-03-11 10:25:58,945 RW - vertex 30730. Time : 0.00011801719665527344s
2026-03-11 10:25:58,945 RW - vertex 43122. Time : 0.0001201629638671875s
2026-03-11 10:25:58,945 RW - vertex 44150. Time : 0.0001289844512939453s
2026-03-11 10:25:58,945 RW - vertex 26208. Time : 0.00011897087097167969s
2026-03-11 10:25:58,946 RW - vertex 16703. Time : 0.0001251697540283203s
2026-03-11 10:25:58,946 RW - vertex 49615. Time : 0.000125885009765625s
2026-03-11 10:25:58,946 RW - vertex 43462. Time : 0.00011992454528808594s
2026-03-11 10:25:58,946 RW - vertex 44884. Time : 0.0001380443572998047s
2026-03-11 10:25:58,946 RW - vertex 27510. Time : 0.00011682510375976562s
2026-03-11 10:25:58,946 RW - vertex 3331. Time : 0.00012373924255371094s
2026-03-11 10:25:58,946 RW - vertex 30693. Time : 0.0001251697540283203s
2026-03-11 10:25:58,947 RW - vertex 101371. Time : 0.00012111663818359375s
2026-03-11 10:25:58,947 RW - vertex 30585. Time : 0.00011682510375976562s
2026-03-11 10:25:58,947 RW - vertex 30564. Time : 0.00012183189392089844s
2026-03-11 10:25:58,947 RW - vertex 16925. Time : 0.00012302398681640625s
2026-03-11 10:25:58,947 RW - vertex 30731. Time : 0.0001289844512939453s
2026-03-11 10:25:58,947 RW - vertex 48675. Time : 0.00011801719665527344s
2026-03-11 10:25:58,947 RW - vertex 105929. Time : 0.00011777877807617188s
2026-03-11 10:25:58,947 RW - vertex 9467. Time : 0.00012493133544921875s
2026-03-11 10:25:58,948 RW - vertex 45037. Time : 0.0001442432403564453s
2026-03-11 10:25:58,948 RW - vertex 16732. Time : 0.0001399517059326172s
2026-03-11 10:25:58,948 RW - vertex 2959. Time : 0.0001220703125s
2026-03-11 10:25:58,948 RW - vertex 16836. Time : 0.00011801719665527344s
2026-03-11 10:25:58,948 RW - vertex 46430. Time : 0.00012493133544921875s
2026-03-11 10:25:58,948 RW - vertex 47778. Time : 0.00011920928955078125s
2026-03-11 10:25:58,948 RW - vertex 39951. Time : 0.00012087821960449219s
2026-03-11 10:25:58,949 RW - vertex 41824. Time : 0.00011992454528808594s
2026-03-11 10:25:58,949 RW - vertex 47554. Time : 0.00010895729064941406s
2026-03-11 10:25:58,949 RW - vertex 21876. Time : 0.0001201629638671875s
2026-03-11 10:25:58,949 RW - vertex 44189. Time : 0.00011920928955078125s
2026-03-11 10:25:58,949 RW - vertex 4996. Time : 0.0001239776611328125s
2026-03-11 10:25:58,949 RW - vertex 16821. Time : 0.0001239776611328125s
2026-03-11 10:25:58,949 RW - vertex 30823. Time : 0.000125885009765625s
2026-03-11 10:25:58,949 RW - vertex 16771. Time : 0.0001201629638671875s
2026-03-11 10:25:58,950 RW - vertex 30850. Time : 0.00011920928955078125s
2026-03-11 10:25:58,950 RW - vertex 26948. Time : 0.00012063980102539062s
2026-03-11 10:25:58,950 RW - vertex 2378. Time : 0.00012612342834472656s
2026-03-11 10:25:58,950 RW - vertex 896. Time : 0.0001239776611328125s
2026-03-11 10:25:58,950 RW - vertex 27507. Time : 0.00010395050048828125s
2026-03-11 10:25:58,950 RW - vertex 41815. Time : 0.00010585784912109375s
2026-03-11 10:25:58,950 RW - vertex 39285. Time : 0.00011086463928222656s
2026-03-11 10:25:58,950 RW - vertex 44159. Time : 0.00012373924255371094s
2026-03-11 10:25:58,951 RW - vertex 3256. Time : 0.00011587142944335938s
2026-03-11 10:25:58,951 RW - vertex 16764. Time : 0.00011301040649414062s
2026-03-11 10:25:58,951 RW - vertex 16738. Time : 0.00010800361633300781s
2026-03-11 10:25:58,951 RW - vertex 26929. Time : 0.00011205673217773438s
2026-03-11 10:25:58,951 RW - vertex 48625. Time : 0.00011301040649414062s
2026-03-11 10:25:58,951 RW - vertex 4152. Time : 0.00011301040649414062s
2026-03-11 10:25:58,951 RW - vertex 16769. Time : 0.00010991096496582031s
2026-03-11 10:25:58,951 RW - vertex 16791. Time : 0.00010204315185546875s
2026-03-11 10:25:58,951 RW - vertex 39946. Time : 0.0001239776611328125s
2026-03-11 10:25:58,952 RW - vertex 22137. Time : 0.0001201629638671875s
2026-03-11 10:25:58,952 RW - vertex 3283. Time : 0.00011014938354492188s
2026-03-11 10:25:58,952 RW - vertex 48978. Time : 0.00011014938354492188s
2026-03-11 10:25:58,952 RW - vertex 47323. Time : 0.00011801719665527344s
2026-03-11 10:25:58,952 RW - vertex 49619. Time : 0.00011491775512695312s
2026-03-11 10:25:58,952 RW - vertex 16799. Time : 0.0001239776611328125s
2026-03-11 10:25:58,952 RW - vertex 30829. Time : 0.00011801719665527344s
2026-03-11 10:25:58,952 RW - vertex 659. Time : 0.00011181831359863281s
2026-03-11 10:25:58,953 RW - vertex 2797. Time : 0.00011205673217773438s
2026-03-11 10:25:58,953 RW - vertex 3516. Time : 0.00011801719665527344s
2026-03-11 10:25:58,953 RW - vertex 5740. Time : 0.00012874603271484375s
2026-03-11 10:25:58,953 RW - vertex 27277. Time : 0.00011086463928222656s
2026-03-11 10:25:58,953 RW - vertex 30835. Time : 0.00011873245239257812s
2026-03-11 10:25:58,953 RW - vertex 107611. Time : 0.0001087188720703125s
2026-03-11 10:25:58,953 RW - vertex 30884. Time : 0.00012302398681640625s
2026-03-11 10:25:58,954 RW - vertex 41889. Time : 0.0001270771026611328s
2026-03-11 10:25:58,954 RW - vertex 30804. Time : 0.00011920928955078125s
2026-03-11 10:25:58,954 RW - vertex 9509. Time : 0.00011587142944335938s
2026-03-11 10:25:58,954 RW - vertex 4584. Time : 0.00010323524475097656s
2026-03-11 10:25:58,954 RW - vertex 36660. Time : 0.00011491775512695312s
2026-03-11 10:25:58,954 RW - vertex 26186. Time : 0.0001201629638671875s
2026-03-11 10:25:58,954 RW - vertex 44193. Time : 0.00012421607971191406s
2026-03-11 10:25:58,954 RW - vertex 470. Time : 0.0001049041748046875s
2026-03-11 10:25:58,954 RW - vertex 30707. Time : 0.00011515617370605469s
2026-03-11 10:25:58,955 RW - vertex 44995. Time : 0.00011897087097167969s
2026-03-11 10:25:58,955 RW - vertex 35636. Time : 0.00011014938354492188s
2026-03-11 10:25:58,955 RW - vertex 16739. Time : 0.00011110305786132812s
2026-03-11 10:25:58,955 RW - vertex 30882. Time : 0.00010704994201660156s
2026-03-11 10:25:58,955 RW - vertex 30613. Time : 0.00011491775512695312s
2026-03-11 10:25:58,955 RW - vertex 30836. Time : 0.00011873245239257812s
2026-03-11 10:25:58,955 RW - vertex 30760. Time : 0.00010800361633300781s
2026-03-11 10:25:58,955 RW - vertex 16753. Time : 0.00010585784912109375s
2026-03-11 10:25:58,956 RW - vertex 23464. Time : 0.00010704994201660156s
2026-03-11 10:25:58,956 RW - vertex 27263. Time : 0.00011587142944335938s
2026-03-11 10:25:58,956 RW - vertex 30567. Time : 0.00011277198791503906s
2026-03-11 10:25:58,956 RW - vertex 30619. Time : 0.00011110305786132812s
2026-03-11 10:25:58,956 RW - vertex 3603. Time : 0.00011420249938964844s
2026-03-11 10:25:58,956 RW - vertex 39938. Time : 0.00011801719665527344s
2026-03-11 10:25:58,956 RW - vertex 3811. Time : 0.00011110305786132812s
2026-03-11 10:25:58,956 RW - vertex 48005. Time : 0.0001239776611328125s
2026-03-11 10:25:58,957 RW - vertex 16862. Time : 0.00012087821960449219s
2026-03-11 10:25:58,957 RW - vertex 24096. Time : 0.00011301040649414062s
2026-03-11 10:25:58,957 RW - vertex 45855. Time : 0.00012993812561035156s
2026-03-11 10:25:58,957 RW - vertex 16571. Time : 0.00010704994201660156s
2026-03-11 10:25:58,957 RW - vertex 30615. Time : 0.00011587142944335938s
2026-03-11 10:25:58,957 RW - vertex 16845. Time : 0.00012111663818359375s
2026-03-11 10:25:58,957 RW - vertex 45372. Time : 0.00011801719665527344s
2026-03-11 10:25:58,957 RW - vertex 26195. Time : 0.0001201629638671875s
2026-03-11 10:25:58,958 RW - vertex 36404. Time : 0.00011110305786132812s
2026-03-11 10:25:58,958 RW - vertex 24161. Time : 0.00010800361633300781s
2026-03-11 10:25:58,958 RW - vertex 109453. Time : 0.00012111663818359375s
2026-03-11 10:25:58,958 RW - vertex 4960. Time : 0.00011014938354492188s
2026-03-11 10:25:58,958 RW - vertex 24090. Time : 0.00010800361633300781s
2026-03-11 10:25:58,958 RW - vertex 23533. Time : 0.0001201629638671875s
2026-03-11 10:25:58,958 RW - vertex 16854. Time : 0.00011515617370605469s
2026-03-11 10:25:58,958 RW - vertex 2778. Time : 0.00011920928955078125s
2026-03-11 10:25:58,959 RW - vertex 22084. Time : 0.000125885009765625s
2026-03-11 10:25:58,959 RW - vertex 4532. Time : 0.00011110305786132812s
2026-03-11 10:25:58,959 RW - vertex 27504. Time : 0.00010800361633300781s
2026-03-11 10:25:58,959 RW - vertex 26676. Time : 0.00011610984802246094s
2026-03-11 10:25:58,959 RW - vertex 4574. Time : 0.00011181831359863281s
2026-03-11 10:25:58,959 RW - vertex 16863. Time : 0.00011587142944335938s
2026-03-11 10:25:58,959 RW - vertex 45877. Time : 0.00011396408081054688s
2026-03-11 10:25:58,959 RW - vertex 16584. Time : 0.00011110305786132812s
2026-03-11 10:25:58,959 RW - vertex 19282. Time : 0.00010204315185546875s
2026-03-11 10:25:58,960 RW - vertex 4962. Time : 0.00011491775512695312s
2026-03-11 10:25:58,960 RW - vertex 16879. Time : 0.00011110305786132812s
2026-03-11 10:25:58,960 RW - vertex 48283. Time : 0.0001251697540283203s
2026-03-11 10:25:58,960 RW - vertex 49070. Time : 0.00011301040649414062s
2026-03-11 10:25:58,960 RW - vertex 30880. Time : 0.00011897087097167969s
2026-03-11 10:25:58,960 RW - vertex 26210. Time : 0.00011801719665527344s
2026-03-11 10:25:58,960 RW - vertex 30871. Time : 0.00010776519775390625s
2026-03-11 10:25:58,960 RW - vertex 39781. Time : 0.00010395050048828125s
2026-03-11 10:25:58,961 RW - vertex 22045. Time : 0.00011301040649414062s
2026-03-11 10:25:58,961 RW - vertex 14471. Time : 0.00011610984802246094s
2026-03-11 10:25:58,961 RW - vertex 16756. Time : 0.00011014938354492188s
2026-03-11 10:25:58,961 RW - vertex 30198. Time : 0.00011396408081054688s
2026-03-11 10:25:58,961 RW - vertex 3327. Time : 0.00011396408081054688s
2026-03-11 10:25:58,961 RW - vertex 54565. Time : 0.00010204315185546875s
2026-03-11 10:25:58,961 RW - vertex 3188. Time : 0.00011491775512695312s
2026-03-11 10:25:58,961 RW - vertex 3488. Time : 0.00011420249938964844s
2026-03-11 10:25:58,962 RW - vertex 2370. Time : 0.00012373924255371094s
2026-03-11 10:25:58,962 RW - vertex 16867. Time : 0.00010991096496582031s
2026-03-11 10:25:58,962 RW - vertex 16888. Time : 0.00011587142944335938s
2026-03-11 10:25:58,962 RW - vertex 45790. Time : 0.00010204315185546875s
2026-03-11 10:25:58,962 RW - vertex 54433. Time : 0.00010895729064941406s
2026-03-11 10:25:58,962 RW - vertex 5514. Time : 0.00011324882507324219s
2026-03-11 10:25:58,962 RW - vertex 16570. Time : 0.00011706352233886719s
2026-03-11 10:25:58,962 RW - vertex 42012. Time : 0.00010585784912109375s
2026-03-11 10:25:58,963 RW - vertex 2980. Time : 0.00011396408081054688s
2026-03-11 10:25:58,963 RW - vertex 23527. Time : 9.894371032714844e-05s
2026-03-11 10:25:58,963 RW - vertex 49208. Time : 9.799003601074219e-05s
2026-03-11 10:25:58,963 RW - vertex 30591. Time : 0.00012612342834472656s
2026-03-11 10:25:58,963 RW - vertex 36626. Time : 0.00011897087097167969s
2026-03-11 10:25:58,963 RW - vertex 18662. Time : 0.0001010894775390625s
2026-03-11 10:25:58,963 RW - vertex 30769. Time : 0.00010585784912109375s
2026-03-11 10:25:58,963 RW - vertex 27298. Time : 0.00011086463928222656s
2026-03-11 10:25:58,963 RW - vertex 41844. Time : 0.00011682510375976562s
2026-03-11 10:25:58,964 RW - vertex 37262. Time : 0.00010967254638671875s
2026-03-11 10:25:58,964 RW - vertex 30796. Time : 0.0001087188720703125s
2026-03-11 10:25:58,964 RW - vertex 16797. Time : 0.00012087821960449219s
2026-03-11 10:25:58,964 RW - vertex 3212. Time : 0.0001087188720703125s
2026-03-11 10:25:58,964 RW - vertex 16760. Time : 0.00010991096496582031s
2026-03-11 10:25:58,964 RW - vertex 48419. Time : 0.00021767616271972656s
2026-03-11 10:25:58,964 RW - vertex 15223. Time : 0.00013113021850585938s
2026-03-11 10:25:58,965 RW - vertex 26190. Time : 0.00012993812561035156s
2026-03-11 10:25:58,965 RW - vertex 26194. Time : 0.00011491775512695312s
2026-03-11 10:25:58,965 RW - vertex 24166. Time : 0.00011014938354492188s
2026-03-11 10:25:58,965 RW - vertex 16731. Time : 0.00011897087097167969s
2026-03-11 10:25:58,965 RW - vertex 45529. Time : 0.0001049041748046875s
2026-03-11 10:25:58,965 RW - vertex 27505. Time : 0.00010013580322265625s
2026-03-11 10:25:58,965 RW - vertex 39958. Time : 0.00011491775512695312s
2026-03-11 10:25:58,965 RW - vertex 16894. Time : 0.00010275840759277344s
2026-03-11 10:25:58,966 RW - vertex 30723. Time : 9.298324584960938e-05s
2026-03-11 10:25:58,966 RW - vertex 16711. Time : 0.00010704994201660156s
2026-03-11 10:25:58,966 RW - vertex 49052. Time : 0.00010800361633300781s
2026-03-11 10:25:58,966 RW - vertex 16882. Time : 0.00010180473327636719s
2026-03-11 10:25:58,966 RW - vertex 46171. Time : 0.00010013580322265625s
2026-03-11 10:25:58,966 RW - vertex 46285. Time : 9.489059448242188e-05s
2026-03-11 10:25:58,966 RW - vertex 39796. Time : 9.775161743164062e-05s
2026-03-11 10:25:58,966 RW - vertex 16858. Time : 0.00010180473327636719s
2026-03-11 10:25:58,966 RW - vertex 23499. Time : 0.00010013580322265625s
2026-03-11 10:25:58,967 RW - vertex 22370. Time : 0.00011181831359863281s
2026-03-11 10:25:58,967 RW - vertex 36651. Time : 0.00011706352233886719s
2026-03-11 10:25:58,967 RW - vertex 36623. Time : 9.393692016601562e-05s
2026-03-11 10:25:58,967 RW - vertex 27259. Time : 0.0001010894775390625s
2026-03-11 10:25:58,967 RW - vertex 16614. Time : 0.0001049041748046875s
2026-03-11 10:25:58,967 RW - vertex 30805. Time : 0.00010704994201660156s
2026-03-11 10:25:58,967 RW - vertex 7782. Time : 0.0001049041748046875s
2026-03-11 10:25:58,967 RW - vertex 49190. Time : 0.00010395050048828125s
2026-03-11 10:25:58,967 RW - vertex 30739. Time : 0.00010704994201660156s
2026-03-11 10:25:58,968 RW - vertex 27498. Time : 0.00011110305786132812s
2026-03-11 10:25:58,968 RW - vertex 15377. Time : 0.00010013580322265625s
2026-03-11 10:25:58,968 RW - vertex 16744. Time : 9.179115295410156e-05s
2026-03-11 10:25:58,968 RW - vertex 21593. Time : 0.00010609626770019531s
2026-03-11 10:25:58,968 RW - vertex 30885. Time : 0.00010609626770019531s
2026-03-11 10:25:58,968 RW - vertex 16893. Time : 0.00011110305786132812s
2026-03-11 10:25:58,968 RW - vertex 16864. Time : 9.393692016601562e-05s
2026-03-11 10:25:58,968 RW - vertex 46632. Time : 0.00010514259338378906s
2026-03-11 10:25:58,968 RW - vertex 40994. Time : 0.0001010894775390625s
2026-03-11 10:25:58,969 RW - vertex 36670. Time : 0.00010895729064941406s
2026-03-11 10:25:58,969 RW - vertex 30706. Time : 9.989738464355469e-05s
2026-03-11 10:25:58,969 RW - vertex 16817. Time : 0.00010395050048828125s
2026-03-11 10:25:58,969 RW - vertex 30755. Time : 9.918212890625e-05s
2026-03-11 10:25:58,969 RW - vertex 30715. Time : 0.00011205673217773438s
2026-03-11 10:25:58,969 RW - vertex 41249. Time : 0.000102996826171875s
2026-03-11 10:25:58,969 RW - vertex 2470. Time : 9.822845458984375e-05s
2026-03-11 10:25:58,969 RW - vertex 16587. Time : 9.226799011230469e-05s
2026-03-11 10:25:58,969 RW - vertex 670. Time : 0.00010395050048828125s
2026-03-11 10:25:58,970 RW - vertex 16880. Time : 0.00011324882507324219s
2026-03-11 10:25:58,970 RW - vertex 16779. Time : 0.00010180473327636719s
2026-03-11 10:25:58,970 RW - vertex 5867. Time : 9.870529174804688e-05s
2026-03-11 10:25:58,970 RW - vertex 108925. Time : 0.0001010894775390625s
2026-03-11 10:25:58,970 RW - vertex 2572. Time : 0.00010919570922851562s
2026-03-11 10:25:58,970 RW - vertex 54539. Time : 0.00010609626770019531s
2026-03-11 10:25:58,970 RW - vertex 15225. Time : 9.703636169433594e-05s
2026-03-11 10:25:58,970 RW - vertex 36643. Time : 0.00010919570922851562s
2026-03-11 10:25:58,970 RW - vertex 47176. Time : 0.00010228157043457031s
2026-03-11 10:25:58,971 RW - vertex 39771. Time : 0.000102996826171875s
2026-03-11 10:25:58,971 RW - vertex 27525. Time : 9.703636169433594e-05s
2026-03-11 10:25:58,971 RW - vertex 39962. Time : 0.0001010894775390625s
2026-03-11 10:25:58,971 RW - vertex 3967. Time : 0.00010514259338378906s
2026-03-11 10:25:58,971 RW - vertex 16589. Time : 0.00010919570922851562s
2026-03-11 10:25:58,971 RW - vertex 45460. Time : 0.00011110305786132812s
2026-03-11 10:25:58,971 RW - vertex 21890. Time : 9.584426879882812e-05s
2026-03-11 10:25:58,971 RW - vertex 45382. Time : 0.00010800361633300781s
2026-03-11 10:25:58,971 RW - vertex 30705. Time : 0.00010609626770019531s
2026-03-11 10:25:58,972 RW - vertex 2576. Time : 0.0001049041748046875s
2026-03-11 10:25:58,972 RW - vertex 46878. Time : 0.00010609626770019531s
2026-03-11 10:25:58,972 RW - vertex 27302. Time : 9.894371032714844e-05s
2026-03-11 10:25:58,972 RW - vertex 49283. Time : 0.00011181831359863281s
2026-03-11 10:25:58,972 RW - vertex 44988. Time : 0.00010514259338378906s
2026-03-11 10:25:58,972 RW - vertex 30721. Time : 0.000102996826171875s
2026-03-11 10:25:58,972 RW - vertex 3211. Time : 9.393692016601562e-05s
2026-03-11 10:25:58,972 RW - vertex 16734. Time : 0.00010991096496582031s
2026-03-11 10:25:58,972 RW - vertex 16783. Time : 9.870529174804688e-05s
2026-03-11 10:25:58,973 RW - vertex 1406. Time : 0.00010704994201660156s
2026-03-11 10:25:58,973 RW - vertex 23509. Time : 0.000102996826171875s
2026-03-11 10:25:58,973 RW - vertex 45542. Time : 0.00010800361633300781s
2026-03-11 10:25:58,973 RW - vertex 2624. Time : 0.00011014938354492188s
2026-03-11 10:25:58,973 RW - vertex 30791. Time : 0.00010991096496582031s
2026-03-11 10:25:58,973 RW - vertex 30694. Time : 9.989738464355469e-05s
2026-03-11 10:25:58,973 RW - vertex 30675. Time : 0.00011086463928222656s
2026-03-11 10:25:58,973 RW - vertex 49407. Time : 0.00010514259338378906s
2026-03-11 10:25:58,974 RW - vertex 24111. Time : 0.00010204315185546875s
2026-03-11 10:25:58,974 RW - vertex 22368. Time : 0.00010013580322265625s
2026-03-11 10:25:58,974 RW - vertex 38286. Time : 9.799003601074219e-05s
2026-03-11 10:25:58,974 RW - vertex 44184. Time : 0.00010180473327636719s
2026-03-11 10:25:58,974 RW - vertex 6129. Time : 0.00010585784912109375s
2026-03-11 10:25:58,974 RW - vertex 37065. Time : 0.00010013580322265625s
2026-03-11 10:25:58,974 RW - vertex 3457. Time : 0.0001556873321533203s
2026-03-11 10:25:58,974 RW - vertex 30775. Time : 0.00014328956604003906s
2026-03-11 10:25:58,975 RW - vertex 39851. Time : 0.00013709068298339844s
2026-03-11 10:25:58,975 RW - vertex 22064. Time : 0.00013399124145507812s
2026-03-11 10:25:58,975 RW - vertex 16704. Time : 0.00014901161193847656s
2026-03-11 10:25:58,975 RW - vertex 16577. Time : 0.00013685226440429688s
2026-03-11 10:25:58,975 RW - vertex 30810. Time : 0.0001480579376220703s
2026-03-11 10:25:58,975 RW - vertex 30660. Time : 0.0001442432403564453s
2026-03-11 10:25:58,975 RW - vertex 42020. Time : 0.0001270771026611328s
2026-03-11 10:25:58,976 RW - vertex 39128. Time : 0.00013589859008789062s
2026-03-11 10:25:58,976 RW - vertex 39955. Time : 0.0001399517059326172s
2026-03-11 10:25:58,976 RW - vertex 30748. Time : 0.0001201629638671875s
2026-03-11 10:25:58,976 RW - vertex 45034. Time : 0.00013899803161621094s
2026-03-11 10:25:58,976 RW - vertex 27509. Time : 0.00013399124145507812s
2026-03-11 10:25:58,976 RW - vertex 30734. Time : 0.0001220703125s
2026-03-11 10:25:58,976 RW - vertex 105105. Time : 0.00013208389282226562s
2026-03-11 10:25:58,977 RW - vertex 23979. Time : 0.00013589859008789062s
2026-03-11 10:25:58,977 RW - vertex 30794. Time : 0.00011897087097167969s
2026-03-11 10:25:58,977 RW - vertex 16889. Time : 0.00013065338134765625s
2026-03-11 10:25:58,977 RW - vertex 25754. Time : 0.00012087821960449219s
2026-03-11 10:25:58,977 RW - vertex 39952. Time : 0.0001277923583984375s
2026-03-11 10:25:58,977 RW - vertex 27493. Time : 0.00011801719665527344s
2026-03-11 10:25:58,977 RW - vertex 30764. Time : 0.00011277198791503906s
2026-03-11 10:25:58,977 RW - vertex 30572. Time : 0.00011920928955078125s
2026-03-11 10:25:58,978 RW - vertex 106111. Time : 0.00011277198791503906s
2026-03-11 10:25:58,978 RW - vertex 26187. Time : 0.0001270771026611328s
2026-03-11 10:25:58,978 RW - vertex 30722. Time : 0.00012087821960449219s
2026-03-11 10:25:58,978 RW - vertex 22329. Time : 0.00011396408081054688s
2026-03-11 10:25:58,978 RW - vertex 45583. Time : 0.00012111663818359375s
2026-03-11 10:25:58,978 RW - vertex 30650. Time : 0.00010919570922851562s
2026-03-11 10:25:58,978 RW - vertex 39791. Time : 0.00012421607971191406s
2026-03-11 10:25:58,979 RW - vertex 16705. Time : 0.0001239776611328125s
2026-03-11 10:25:58,979 RW - vertex 22086. Time : 0.00011110305786132812s
2026-03-11 10:25:58,979 RW - vertex 30788. Time : 0.00011420249938964844s
2026-03-11 10:25:58,979 RW - vertex 3202. Time : 0.00011491775512695312s
2026-03-11 10:25:58,979 RW - vertex 16573. Time : 0.00012731552124023438s
2026-03-11 10:25:58,979 RW - vertex 30793. Time : 0.00011301040649414062s
2026-03-11 10:25:58,979 RW - vertex 44428. Time : 0.00012969970703125s
2026-03-11 10:25:58,979 RW - vertex 42034. Time : 0.00011610984802246094s
2026-03-11 10:25:58,980 RW - vertex 30742. Time : 0.00012421607971191406s
2026-03-11 10:25:58,980 RW - vertex 16767. Time : 0.00011706352233886719s
2026-03-11 10:25:58,980 RW - vertex 30768. Time : 0.00011014938354492188s
2026-03-11 10:25:58,980 RW - vertex 24095. Time : 0.0001277923583984375s
2026-03-11 10:25:58,980 RW - vertex 24102. Time : 0.00012111663818359375s
2026-03-11 10:25:58,980 RW - vertex 9463. Time : 0.00011301040649414062s
2026-03-11 10:25:58,980 RW - vertex 45853. Time : 0.0001201629638671875s
2026-03-11 10:25:58,980 RW - vertex 22626. Time : 0.00011897087097167969s
2026-03-11 10:25:58,981 RW - vertex 16722. Time : 0.00013303756713867188s
2026-03-11 10:25:58,981 RW - vertex 16692. Time : 0.00012373924255371094s
2026-03-11 10:25:58,981 RW - vertex 27646. Time : 0.00011110305786132812s
2026-03-11 10:25:58,981 RW - vertex 30774. Time : 0.00010919570922851562s
2026-03-11 10:25:58,981 RW - vertex 3195. Time : 0.00010919570922851562s
2026-03-11 10:25:58,981 RW - vertex 36369. Time : 0.00011610984802246094s
2026-03-11 10:25:58,981 RW - vertex 44412. Time : 0.00011801719665527344s
2026-03-11 10:25:58,981 RW - vertex 27190. Time : 0.00011396408081054688s
2026-03-11 10:25:58,982 RW - vertex 16590. Time : 0.00011491775512695312s
2026-03-11 10:25:58,982 RW - vertex 39807. Time : 0.00011324882507324219s
2026-03-11 10:25:58,982 RW - vertex 16852. Time : 0.0001201629638671875s
2026-03-11 10:25:58,982 RW - vertex 100567. Time : 0.00011277198791503906s
2026-03-11 10:25:58,982 RW - vertex 21594. Time : 0.00011420249938964844s
2026-03-11 10:25:58,982 RW - vertex 30718. Time : 0.00011396408081054688s
2026-03-11 10:25:58,982 RW - vertex 16582. Time : 0.00012493133544921875s
2026-03-11 10:25:58,982 RW - vertex 24091. Time : 0.00011801719665527344s
2026-03-11 10:25:58,983 RW - vertex 49153. Time : 0.00010919570922851562s
2026-03-11 10:25:58,983 RW - vertex 44157. Time : 0.0001163482666015625s
2026-03-11 10:25:58,983 RW - vertex 1413. Time : 0.00012183189392089844s
2026-03-11 10:25:58,983 RW - vertex 16762. Time : 0.00011992454528808594s
2026-03-11 10:25:58,983 RW - vertex 8493. Time : 0.00010609626770019531s
2026-03-11 10:25:58,983 RW - vertex 106262. Time : 0.00010609626770019531s
2026-03-11 10:25:58,983 RW - vertex 16691. Time : 0.00011205673217773438s
2026-03-11 10:25:58,983 RW - vertex 2920. Time : 0.00011706352233886719s
2026-03-11 10:25:58,983 RW - vertex 22301. Time : 0.0001270771026611328s
2026-03-11 10:25:58,984 RW - vertex 46256. Time : 0.00011491775512695312s
2026-03-11 10:25:58,984 RW - vertex 41819. Time : 0.00011897087097167969s
2026-03-11 10:25:58,984 RW - vertex 35630. Time : 0.0001163482666015625s
2026-03-11 10:25:58,984 RW - vertex 6198. Time : 0.00011897087097167969s
2026-03-11 10:25:58,984 RW - vertex 16730. Time : 0.0001220703125s
2026-03-11 10:25:58,984 RW - vertex 30831. Time : 0.00011801719665527344s
2026-03-11 10:25:58,984 RW - vertex 41751. Time : 0.00010704994201660156s
2026-03-11 10:25:58,984 RW - vertex 30687. Time : 0.00011801719665527344s
2026-03-11 10:25:58,985 RW - vertex 27489. Time : 0.00010895729064941406s
2026-03-11 10:25:58,985 RW - vertex 54580. Time : 0.0001068115234375s
2026-03-11 10:25:58,985 RW - vertex 48613. Time : 0.00010967254638671875s
2026-03-11 10:25:58,985 RW - vertex 30817. Time : 0.00010895729064941406s
2026-03-11 10:25:58,985 RW - vertex 16834. Time : 0.00011992454528808594s
2026-03-11 10:25:58,985 RW - vertex 16837. Time : 0.00011682510375976562s
2026-03-11 10:25:58,985 RW - vertex 30539. Time : 0.00012302398681640625s
2026-03-11 10:25:58,985 RW - vertex 54415. Time : 0.00011181831359863281s
2026-03-11 10:25:58,986 RW - vertex 27304. Time : 0.00010991096496582031s
2026-03-11 10:25:58,986 RW - vertex 36657. Time : 0.00011992454528808594s
2026-03-11 10:25:58,986 RW - vertex 27502. Time : 0.00011706352233886719s
2026-03-11 10:25:58,986 RW - vertex 3351. Time : 0.00010800361633300781s
2026-03-11 10:25:58,986 RW - vertex 16861. Time : 0.00011110305786132812s
2026-03-11 10:25:58,986 RW - vertex 16710. Time : 0.0001227855682373047s
2026-03-11 10:25:58,986 RW - vertex 24103. Time : 0.00011801719665527344s
2026-03-11 10:25:58,986 RW - vertex 100891. Time : 0.00011587142944335938s
2026-03-11 10:25:58,987 RW - vertex 26191. Time : 0.00012302398681640625s
2026-03-11 10:25:58,987 RW - vertex 30816. Time : 0.00010395050048828125s
2026-03-11 10:25:58,987 RW - vertex 101120. Time : 0.00012421607971191406s
2026-03-11 10:25:58,987 RW - vertex 35691. Time : 0.00010800361633300781s
2026-03-11 10:25:58,987 RW - vertex 26937. Time : 0.00012230873107910156s
2026-03-11 10:25:58,987 RW - vertex 44615. Time : 0.00011801719665527344s
2026-03-11 10:25:58,987 RW - vertex 23502. Time : 0.00010919570922851562s
2026-03-11 10:25:58,987 RW - vertex 30574. Time : 0.00011587142944335938s
2026-03-11 10:25:58,988 RW - vertex 24151. Time : 0.00011515617370605469s
2026-03-11 10:25:58,988 RW - vertex 30702. Time : 0.00011110305786132812s
2026-03-11 10:25:58,988 RW - vertex 16807. Time : 0.00012087821960449219s
2026-03-11 10:25:58,988 RW - vertex 117. Time : 9.894371032714844e-05s
2026-03-11 10:25:58,988 RW - vertex 108604. Time : 0.00011801719665527344s
2026-03-11 10:25:58,988 RW - vertex 22104. Time : 0.00011801719665527344s
2026-03-11 10:25:58,988 RW - vertex 44162. Time : 0.00011491775512695312s
2026-03-11 10:25:58,988 RW - vertex 109595. Time : 0.00011181831359863281s
2026-03-11 10:25:58,989 RW - vertex 16751. Time : 0.000125885009765625s
2026-03-11 10:25:58,989 RW - vertex 21916. Time : 0.00011897087097167969s
2026-03-11 10:25:58,989 RW - vertex 30824. Time : 0.00011587142944335938s
2026-03-11 10:25:58,989 RW - vertex 30659. Time : 0.00012087821960449219s
2026-03-11 10:25:58,989 RW - vertex 39960. Time : 0.00010991096496582031s
2026-03-11 10:25:58,989 RW - vertex 16898. Time : 0.00011301040649414062s
2026-03-11 10:25:58,989 RW - vertex 342. Time : 0.0001049041748046875s
2026-03-11 10:25:58,989 RW - vertex 46042. Time : 0.00011086463928222656s
2026-03-11 10:25:58,990 RW - vertex 26934. Time : 0.00011491775512695312s
2026-03-11 10:25:58,990 RW - vertex 26822. Time : 0.00011992454528808594s
2026-03-11 10:25:58,990 RW - vertex 16851. Time : 0.00011801719665527344s
2026-03-11 10:25:58,990 RW - vertex 9507. Time : 0.00012803077697753906s
2026-03-11 10:25:58,990 RW - vertex 30680. Time : 0.00011968612670898438s
2026-03-11 10:25:58,990 RW - vertex 15388. Time : 0.00011086463928222656s
2026-03-11 10:25:58,990 RW - vertex 16776. Time : 0.00011801719665527344s
2026-03-11 10:25:58,990 RW - vertex 30580. Time : 0.0001308917999267578s
2026-03-11 10:25:58,991 RW - vertex 16728. Time : 0.00011897087097167969s
2026-03-11 10:25:58,991 RW - vertex 22367. Time : 0.00011706352233886719s
2026-03-11 10:25:58,991 RW - vertex 27500. Time : 0.00012111663818359375s
2026-03-11 10:25:58,991 RW - vertex 49844. Time : 0.00010919570922851562s
2026-03-11 10:25:58,991 RW - vertex 4956. Time : 0.00011301040649414062s
2026-03-11 10:25:58,991 RW - vertex 16843. Time : 0.00011014938354492188s
2026-03-11 10:25:58,991 RW - vertex 37060. Time : 0.00011706352233886719s
2026-03-11 10:25:58,991 RW - vertex 30854. Time : 0.00012111663818359375s
2026-03-11 10:25:58,992 RW - vertex 30849. Time : 0.00012421607971191406s
2026-03-11 10:25:58,992 RW - vertex 4965. Time : 0.00010704994201660156s
2026-03-11 10:25:58,992 RW - vertex 30888. Time : 0.00011706352233886719s
2026-03-11 10:25:58,992 RW - vertex 16742. Time : 0.00011706352233886719s
2026-03-11 10:25:58,992 RW - vertex 2929. Time : 0.00011610984802246094s
2026-03-11 10:25:58,992 RW - vertex 22385. Time : 0.00011491775512695312s
2026-03-11 10:25:58,992 RW - vertex 16741. Time : 0.00011086463928222656s
2026-03-11 10:25:58,992 RW - vertex 4944. Time : 0.00011324882507324219s
2026-03-11 10:25:58,993 RW - vertex 30573. Time : 0.00011610984802246094s
2026-03-11 10:25:58,993 RW - vertex 23967. Time : 0.00011777877807617188s
2026-03-11 10:25:58,993 RW - vertex 105713. Time : 0.0001049041748046875s
2026-03-11 10:25:58,993 RW - vertex 9480. Time : 0.00013208389282226562s
2026-03-11 10:25:58,993 RW - vertex 26203. Time : 0.00011801719665527344s
2026-03-11 10:25:58,993 RW - vertex 100849. Time : 0.00012421607971191406s
2026-03-11 10:25:58,993 RW - vertex 23001. Time : 0.00011396408081054688s
2026-03-11 10:25:58,993 RW - vertex 16849. Time : 0.00011396408081054688s
2026-03-11 10:25:58,994 RW - vertex 22373. Time : 0.00011897087097167969s
2026-03-11 10:25:58,994 RW - vertex 102326. Time : 0.0001201629638671875s
2026-03-11 10:25:58,994 RW - vertex 21872. Time : 0.00011920928955078125s
2026-03-11 10:25:58,994 RW - vertex 30751. Time : 0.00010704994201660156s
2026-03-11 10:25:58,994 RW - vertex 2567. Time : 0.00012493133544921875s
2026-03-11 10:25:58,994 RW - vertex 9466. Time : 0.00010704994201660156s
2026-03-11 10:25:58,994 RW - vertex 100976. Time : 0.00011086463928222656s
2026-03-11 10:25:58,994 RW - vertex 16709. Time : 0.00011897087097167969s
2026-03-11 10:25:58,994 RW - vertex 30708. Time : 0.00011801719665527344s
2026-03-11 10:25:58,995 RW - vertex 30724. Time : 0.00011587142944335938s
2026-03-11 10:25:58,995 RW - vertex 4109. Time : 0.00011396408081054688s
2026-03-11 10:25:58,995 RW - vertex 46135. Time : 0.00011491775512695312s
2026-03-11 10:25:58,995 RW - vertex 26939. Time : 0.00012493133544921875s
2026-03-11 10:25:58,995 RW - vertex 38285. Time : 0.00011491775512695312s
2026-03-11 10:25:58,995 RW - vertex 48919. Time : 0.00010919570922851562s
2026-03-11 10:25:58,995 RW - vertex 3680. Time : 0.00012683868408203125s
2026-03-11 10:25:58,995 RW - vertex 44662. Time : 0.00010585784912109375s
2026-03-11 10:25:58,996 RW - vertex 36405. Time : 0.0001220703125s
2026-03-11 10:25:58,996 RW - vertex 2938. Time : 0.00012111663818359375s
2026-03-11 10:25:58,996 RW - vertex 41237. Time : 0.00010895729064941406s
2026-03-11 10:25:58,996 RW - vertex 26688. Time : 0.00011920928955078125s
2026-03-11 10:25:58,996 RW - vertex 15325. Time : 0.0001201629638671875s
2026-03-11 10:25:58,996 RW - vertex 3879. Time : 0.0001277923583984375s
2026-03-11 10:25:58,996 RW - vertex 27477. Time : 0.00010418891906738281s
2026-03-11 10:25:58,996 RW - vertex 30886. Time : 0.00010180473327636719s
2026-03-11 10:25:58,997 RW - vertex 5004. Time : 0.00012063980102539062s
2026-03-11 10:25:58,997 RW - vertex 48587. Time : 0.00011873245239257812s
2026-03-11 10:25:58,997 RW - vertex 49169. Time : 0.00010704994201660156s
2026-03-11 10:25:58,997 RW - vertex 39957. Time : 0.00012302398681640625s
2026-03-11 10:25:58,997 RW - vertex 30681. Time : 0.00011491775512695312s
2026-03-11 10:25:58,997 RW - vertex 1009. Time : 0.00011706352233886719s
2026-03-11 10:25:58,997 RW - vertex 16583. Time : 0.00012612342834472656s
2026-03-11 10:25:58,997 RW - vertex 44149. Time : 0.00010275840759277344s
2026-03-11 10:25:58,998 RW - vertex 26947. Time : 0.00011897087097167969s
2026-03-11 10:25:58,998 RW - vertex 41718. Time : 0.00011706352233886719s
2026-03-11 10:25:58,998 RW - vertex 37058. Time : 0.0001010894775390625s
2026-03-11 10:25:58,998 RW - vertex 30588. Time : 0.00011181831359863281s
2026-03-11 10:25:58,998 RW - vertex 30865. Time : 0.00013780593872070312s
2026-03-11 10:25:58,998 RW - vertex 820. Time : 0.00011992454528808594s
2026-03-11 10:25:58,998 RW - vertex 39318. Time : 0.00011587142944335938s
2026-03-11 10:25:58,998 RW - vertex 16716. Time : 0.00011324882507324219s
2026-03-11 10:25:58,999 RW - vertex 43834. Time : 0.0001049041748046875s
2026-03-11 10:25:58,999 RW - vertex 24105. Time : 9.894371032714844e-05s
2026-03-11 10:25:58,999 RW - vertex 30807. Time : 0.00010967254638671875s
2026-03-11 10:25:58,999 RW - vertex 778. Time : 0.00010991096496582031s
2026-03-11 10:25:58,999 RW - vertex 30720. Time : 0.00010395050048828125s
2026-03-11 10:25:58,999 RW - vertex 30577. Time : 0.00011110305786132812s
2026-03-11 10:25:58,999 RW - vertex 45111. Time : 0.00010800361633300781s
2026-03-11 10:25:58,999 RW - vertex 817. Time : 0.00011205673217773438s
2026-03-11 10:25:58,999 RW - vertex 54526. Time : 0.00011205673217773438s
2026-03-11 10:25:59,000 RW - vertex 39954. Time : 0.00011372566223144531s
2026-03-11 10:25:59,000 RW - vertex 23492. Time : 0.00010585784912109375s
2026-03-11 10:25:59,000 RW - vertex 30692. Time : 0.0001049041748046875s
2026-03-11 10:25:59,000 RW - vertex 47586. Time : 0.00011587142944335938s
2026-03-11 10:25:59,000 RW - vertex 30682. Time : 0.00011491775512695312s
2026-03-11 10:25:59,000 RW - vertex 23528. Time : 0.00010514259338378906s
2026-03-11 10:25:59,000 RW - vertex 16828. Time : 0.00010585784912109375s
2026-03-11 10:25:59,000 RW - vertex 9460. Time : 0.00010704994201660156s
2026-03-11 10:25:59,001 RW - vertex 3717. Time : 0.00010895729064941406s
2026-03-11 10:25:59,001 RW - vertex 16585. Time : 0.00010013580322265625s
2026-03-11 10:25:59,001 RW - vertex 16866. Time : 0.00012612342834472656s
2026-03-11 10:25:59,001 RW - vertex 44576. Time : 0.000102996826171875s
2026-03-11 10:25:59,001 RW - vertex 9477. Time : 0.00011014938354492188s
2026-03-11 10:25:59,001 RW - vertex 16814. Time : 0.00011706352233886719s
2026-03-11 10:25:59,001 RW - vertex 1273. Time : 0.00010895729064941406s
2026-03-11 10:25:59,001 RW - vertex 41832. Time : 0.00010395050048828125s
2026-03-11 10:25:59,001 RW - vertex 44170. Time : 0.00010824203491210938s
2026-03-11 10:25:59,002 RW - vertex 16798. Time : 0.00011491775512695312s
2026-03-11 10:25:59,002 RW - vertex 16901. Time : 0.00011491775512695312s
2026-03-11 10:25:59,002 RW - vertex 30809. Time : 0.00011706352233886719s
2026-03-11 10:25:59,002 RW - vertex 16715. Time : 0.00011706352233886719s
2026-03-11 10:25:59,002 RW - vertex 30607. Time : 0.00010204315185546875s
2026-03-11 10:25:59,002 RW - vertex 44152. Time : 0.00010800361633300781s
2026-03-11 10:25:59,002 RW - vertex 30874. Time : 0.00011110305786132812s
2026-03-11 10:25:59,002 RW - vertex 47085. Time : 0.00011682510375976562s
2026-03-11 10:25:59,003 RW - vertex 3487. Time : 0.0001068115234375s
2026-03-11 10:25:59,003 RW - vertex 26693. Time : 0.00011539459228515625s
2026-03-11 10:25:59,003 RW - vertex 39950. Time : 0.00011110305786132812s
2026-03-11 10:25:59,003 RW - vertex 39942. Time : 0.00010395050048828125s
2026-03-11 10:25:59,003 RW - vertex 49210. Time : 0.00011205673217773438s
2026-03-11 10:25:59,003 RW - vertex 30753. Time : 0.00010991096496582031s
2026-03-11 10:25:59,003 RW - vertex 44165. Time : 0.0001010894775390625s
2026-03-11 10:25:59,003 RW - vertex 109425. Time : 0.00010085105895996094s
2026-03-11 10:25:59,003 RW - vertex 46302. Time : 0.00010776519775390625s
2026-03-11 10:25:59,004 RW - vertex 16819. Time : 0.00010991096496582031s
2026-03-11 10:25:59,004 RW - vertex 45211. Time : 0.00011324882507324219s
2026-03-11 10:25:59,004 RW - vertex 40966. Time : 0.00010919570922851562s
2026-03-11 10:25:59,004 RW - vertex 16413. Time : 0.0001049041748046875s
2026-03-11 10:25:59,004 RW - vertex 30592. Time : 0.000102996826171875s
2026-03-11 10:25:59,004 RW - vertex 16785. Time : 0.00010418891906738281s
2026-03-11 10:25:59,004 RW - vertex 121. Time : 0.0001049041748046875s
2026-03-11 10:25:59,004 RW - vertex 3244. Time : 0.00011801719665527344s
2026-03-11 10:25:59,005 RW - vertex 23524. Time : 0.00011920928955078125s
2026-03-11 10:25:59,005 RW - vertex 24108. Time : 0.00010204315185546875s
2026-03-11 10:25:59,005 RW - vertex 21998. Time : 0.00010800361633300781s
2026-03-11 10:25:59,005 RW - vertex 41233. Time : 0.00011301040649414062s
2026-03-11 10:25:59,005 RW - vertex 4348. Time : 0.0001010894775390625s
2026-03-11 10:25:59,005 RW - vertex 30686. Time : 0.00010395050048828125s
2026-03-11 10:25:59,005 RW - vertex 30717. Time : 0.00010085105895996094s
2026-03-11 10:25:59,005 RW - vertex 24104. Time : 0.0001010894775390625s
2026-03-11 10:25:59,005 RW - vertex 30749. Time : 0.00010991096496582031s
2026-03-11 10:25:59,006 RW - vertex 27508. Time : 0.00010919570922851562s
2026-03-11 10:25:59,006 RW - vertex 30582. Time : 0.00011110305786132812s
2026-03-11 10:25:59,006 RW - vertex 16580. Time : 0.00010919570922851562s
2026-03-11 10:25:59,006 RW - vertex 39965. Time : 0.00011372566223144531s
2026-03-11 10:25:59,006 RW - vertex 4214. Time : 0.00010704994201660156s
2026-03-11 10:25:59,006 RW - vertex 26946. Time : 0.00011587142944335938s
2026-03-11 10:25:59,006 RW - vertex 749. Time : 0.00010418891906738281s
2026-03-11 10:25:59,006 RW - vertex 37512. Time : 0.00010919570922851562s
2026-03-11 10:25:59,007 RW - vertex 49409. Time : 0.00012111663818359375s
2026-03-11 10:25:59,007 RW - vertex 30858. Time : 0.0001049041748046875s
2026-03-11 10:25:59,007 RW - vertex 33512. Time : 0.00011229515075683594s
2026-03-11 10:25:59,007 RW - vertex 40703. Time : 0.00010395050048828125s
2026-03-11 10:25:59,007 RW - vertex 26184. Time : 0.00011491775512695312s
2026-03-11 10:25:59,007 RW - vertex 30765. Time : 0.00010991096496582031s
2026-03-11 10:25:59,007 RW - vertex 3480. Time : 0.00010895729064941406s
2026-03-11 10:25:59,007 RW - vertex 46325. Time : 0.00011014938354492188s
2026-03-11 10:25:59,007 RW - vertex 30811. Time : 0.00011801719665527344s
2026-03-11 10:25:59,008 RW - vertex 26199. Time : 0.0001239776611328125s
2026-03-11 10:25:59,008 RW - vertex 2611. Time : 0.00011086463928222656s
2026-03-11 10:25:59,008 RW - vertex 30767. Time : 0.00010895729064941406s
2026-03-11 10:25:59,008 RW - vertex 21599. Time : 0.00010704994201660156s
2026-03-11 10:25:59,008 RW - vertex 46452. Time : 0.00011396408081054688s
2026-03-11 10:25:59,008 RW - vertex 30870. Time : 0.00011014938354492188s
2026-03-11 10:25:59,008 RW - vertex 3671. Time : 0.00010418891906738281s
2026-03-11 10:25:59,008 RW - vertex 16737. Time : 0.00010919570922851562s
2026-03-11 10:25:59,009 RW - vertex 16714. Time : 0.00011277198791503906s
2026-03-11 10:25:59,009 RW - vertex 102820. Time : 0.00011086463928222656s
2026-03-11 10:25:59,009 RW - vertex 23522. Time : 0.00010704994201660156s
2026-03-11 10:25:59,009 RW - vertex 26949. Time : 0.00011396408081054688s
2026-03-11 10:25:59,009 RW - vertex 26938. Time : 0.00010323524475097656s
2026-03-11 10:25:59,009 RW - vertex 39123. Time : 9.703636169433594e-05s
2026-03-11 10:25:59,009 RW - vertex 30744. Time : 0.00010824203491210938s
2026-03-11 10:25:59,009 RW - vertex 16865. Time : 0.00010800361633300781s
2026-03-11 10:25:59,009 RW - vertex 26924. Time : 0.00011706352233886719s
2026-03-11 10:25:59,010 RW - vertex 16768. Time : 0.00010704994201660156s
2026-03-11 10:25:59,010 RW - vertex 30773. Time : 0.00010204315185546875s
2026-03-11 10:25:59,010 RW - vertex 30832. Time : 0.00011587142944335938s
2026-03-11 10:25:59,010 RW - vertex 717. Time : 0.00010395050048828125s
2026-03-11 10:25:59,010 RW - vertex 16745. Time : 0.00011396408081054688s
2026-03-11 10:25:59,010 RW - vertex 16792. Time : 0.00010585784912109375s
2026-03-11 10:25:59,010 RW - vertex 23267. Time : 0.00010204315185546875s
2026-03-11 10:25:59,010 RW - vertex 24168. Time : 0.00010013580322265625s
2026-03-11 10:25:59,010 RW - vertex 30690. Time : 0.00011396408081054688s
2026-03-11 10:25:59,011 RW - vertex 46468. Time : 0.00010991096496582031s
2026-03-11 10:25:59,011 RW - vertex 44148. Time : 0.00011491775512695312s
2026-03-11 10:25:59,011 RW - vertex 3692. Time : 0.00010800361633300781s
2026-03-11 10:25:59,011 RW - vertex 30761. Time : 0.00011801719665527344s
2026-03-11 10:25:59,011 RW - vertex 16868. Time : 0.00011324882507324219s
2026-03-11 10:25:59,011 RW - vertex 30833. Time : 0.000102996826171875s
2026-03-11 10:25:59,011 RW - vertex 30752. Time : 0.00010180473327636719s
2026-03-11 10:25:59,011 RW - vertex 49233. Time : 9.799003601074219e-05s
2026-03-11 10:25:59,012 RW - vertex 30709. Time : 0.00010895729064941406s
2026-03-11 10:25:59,012 RW - vertex 16726. Time : 0.00011014938354492188s
2026-03-11 10:25:59,012 RW - vertex 16789. Time : 0.00011420249938964844s
2026-03-11 10:25:59,012 RW - vertex 2505. Time : 0.00010180473327636719s
2026-03-11 10:25:59,012 RW - vertex 36611. Time : 0.00011086463928222656s
2026-03-11 10:25:59,012 RW - vertex 16810. Time : 0.00011801719665527344s
2026-03-11 10:25:59,012 RW - vertex 36402. Time : 0.00010800361633300781s
2026-03-11 10:25:59,012 RW - vertex 34520. Time : 0.00010228157043457031s
2026-03-11 10:25:59,012 RW - vertex 30787. Time : 0.00011587142944335938s
2026-03-11 10:25:59,013 RW - vertex 23518. Time : 0.00010323524475097656s
2026-03-11 10:25:59,013 RW - vertex 26926. Time : 0.0001049041748046875s
2026-03-11 10:25:59,013 RW - vertex 30806. Time : 0.00010538101196289062s
2026-03-11 10:25:59,013 RW - vertex 39929. Time : 0.00010585784912109375s
2026-03-11 10:25:59,013 RW - vertex 21990. Time : 0.00011110305786132812s
2026-03-11 10:25:59,013 RW - vertex 48758. Time : 0.00010704994201660156s
2026-03-11 10:25:59,013 RW - vertex 39944. Time : 0.00010800361633300781s
2026-03-11 10:25:59,013 RW - vertex 22374. Time : 0.00010395050048828125s
2026-03-11 10:25:59,014 RW - vertex 9508. Time : 0.00010514259338378906s
2026-03-11 10:25:59,014 RW - vertex 2994. Time : 0.00010514259338378906s
2026-03-11 10:25:59,014 RW - vertex 30763. Time : 0.00011706352233886719s
2026-03-11 10:25:59,014 RW - vertex 16777. Time : 0.0001010894775390625s
2026-03-11 10:25:59,014 RW - vertex 34. Time : 0.00011491775512695312s
2026-03-11 10:25:59,014 RW - vertex 43468. Time : 0.00011324882507324219s
2026-03-11 10:25:59,014 RW - vertex 16721. Time : 0.0001049041748046875s
2026-03-11 10:25:59,014 RW - vertex 16723. Time : 0.00010895729064941406s
2026-03-11 10:25:59,014 RW - vertex 2697. Time : 0.00011086463928222656s
2026-03-11 10:25:59,015 RW - vertex 35694. Time : 0.00010776519775390625s
2026-03-11 10:25:59,015 RW - vertex 48281. Time : 0.00011396408081054688s
2026-03-11 10:25:59,015 RW - vertex 236. Time : 0.00011420249938964844s
2026-03-11 10:25:59,015 RW - vertex 42030. Time : 0.00011706352233886719s
2026-03-11 10:25:59,015 RW - vertex 16827. Time : 0.00010704994201660156s
2026-03-11 10:25:59,015 RW - vertex 47704. Time : 0.00010633468627929688s
2026-03-11 10:25:59,015 RW - vertex 3667. Time : 0.00010919570922851562s
2026-03-11 10:25:59,015 RW - vertex 48178. Time : 0.00011372566223144531s
2026-03-11 10:25:59,016 RW - vertex 49879. Time : 0.00011110305786132812s
2026-03-11 10:25:59,016 RW - vertex 30799. Time : 0.00010800361633300781s
2026-03-11 10:25:59,016 RW - vertex 35631. Time : 0.00010132789611816406s
2026-03-11 10:25:59,016 RW - vertex 42963. Time : 0.00010204315185546875s
2026-03-11 10:25:59,016 RW - vertex 26923. Time : 0.00011301040649414062s
2026-03-11 10:25:59,016 RW - vertex 30703. Time : 0.00010704994201660156s
2026-03-11 10:25:59,016 RW - vertex 16896. Time : 0.00011181831359863281s
2026-03-11 10:25:59,016 RW - vertex 5070. Time : 0.0001049041748046875s
2026-03-11 10:25:59,016 RW - vertex 22069. Time : 0.00011301040649414062s
2026-03-11 10:25:59,017 RW - vertex 27290. Time : 0.00011181831359863281s
2026-03-11 10:25:59,017 RW - vertex 47041. Time : 0.00010967254638671875s
2026-03-11 10:25:59,017 RW - vertex 2619. Time : 9.918212890625e-05s
2026-03-11 10:25:59,017 RW - vertex 45560. Time : 0.00011229515075683594s
2026-03-11 10:25:59,017 RW - vertex 30819. Time : 0.00011205673217773438s
2026-03-11 10:25:59,017 RW - vertex 30583. Time : 0.00010204315185546875s
2026-03-11 10:25:59,017 RW - vertex 107919. Time : 0.0001049041748046875s
2026-03-11 10:25:59,017 RW - vertex 3619. Time : 0.00011396408081054688s
2026-03-11 10:25:59,017 RW - vertex 30741. Time : 0.0001068115234375s
2026-03-11 10:25:59,018 RW - vertex 46587. Time : 0.00011014938354492188s
2026-03-11 10:25:59,018 RW - vertex 40701. Time : 0.00010919570922851562s
2026-03-11 10:25:59,018 RW - vertex 30691. Time : 0.0001049041748046875s
2026-03-11 10:25:59,018 RW - vertex 47535. Time : 0.00010800361633300781s
2026-03-11 10:25:59,018 RW - vertex 16566. Time : 0.00011181831359863281s
2026-03-11 10:25:59,018 RW - vertex 30713. Time : 0.00010633468627929688s
2026-03-11 10:25:59,018 RW - vertex 37049. Time : 0.00010704994201660156s
2026-03-11 10:25:59,018 RW - vertex 16740. Time : 0.00011682510375976562s
2026-03-11 10:25:59,019 RW - vertex 30818. Time : 0.0001049041748046875s
2026-03-11 10:25:59,019 RW - vertex 54390. Time : 0.00011014938354492188s
2026-03-11 10:25:59,019 RW - vertex 22372. Time : 0.00011897087097167969s
2026-03-11 10:25:59,019 RW - vertex 46849. Time : 0.00010800361633300781s
2026-03-11 10:25:59,019 RW - vertex 41238. Time : 0.00011491775512695312s
2026-03-11 10:25:59,019 RW - vertex 16736. Time : 0.00010776519775390625s
2026-03-11 10:25:59,019 RW - vertex 24083. Time : 0.00011181831359863281s
2026-03-11 10:25:59,019 RW - vertex 16905. Time : 0.0001087188720703125s
2026-03-11 10:25:59,019 RW - vertex 16694. Time : 0.00010800361633300781s
2026-03-11 10:25:59,020 RW - vertex 30820. Time : 0.00010180473327636719s
2026-03-11 10:25:59,020 RW - vertex 30566. Time : 0.00011515617370605469s
2026-03-11 10:25:59,020 RW - vertex 5855. Time : 0.00011110305786132812s
2026-03-11 10:25:59,020 RW - vertex 43158. Time : 0.00010704994201660156s
2026-03-11 10:25:59,020 RW - vertex 48207. Time : 0.00011014938354492188s
2026-03-11 10:25:59,020 RW - vertex 41525. Time : 0.00011277198791503906s
2026-03-11 10:25:59,020 RW - vertex 30676. Time : 0.00011682510375976562s
2026-03-11 10:25:59,020 RW - vertex 30826. Time : 0.00010013580322265625s
2026-03-11 10:25:59,021 RW - vertex 30714. Time : 0.00010371208190917969s
2026-03-11 10:25:59,021 RW - vertex 45207. Time : 0.00011205673217773438s
2026-03-11 10:25:59,021 RW - vertex 5000. Time : 0.00010395050048828125s
2026-03-11 10:25:59,021 RW - vertex 16766. Time : 9.584426879882812e-05s
2026-03-11 10:25:59,021 RW - vertex 21887. Time : 0.00011110305786132812s
2026-03-11 10:25:59,021 RW - vertex 37074. Time : 0.00011086463928222656s
2026-03-11 10:25:59,021 RW - vertex 30855. Time : 0.00011706352233886719s
2026-03-11 10:25:59,021 RW - vertex 24158. Time : 0.00010609626770019531s
2026-03-11 10:25:59,021 RW - vertex 2683. Time : 0.00010800361633300781s
2026-03-11 10:25:59,022 RW - vertex 16727. Time : 0.00010418891906738281s
2026-03-11 10:25:59,022 RW - vertex 16839. Time : 0.00011181831359863281s
2026-03-11 10:25:59,022 RW - vertex 16907. Time : 0.000102996826171875s
2026-03-11 10:25:59,022 RW - vertex 30866. Time : 0.00011301040649414062s
2026-03-11 10:25:59,022 RW - vertex 16572. Time : 0.00011110305786132812s
2026-03-11 10:25:59,022 RW - vertex 16574. Time : 0.0001049041748046875s
2026-03-11 10:25:59,022 RW - vertex 22042. Time : 0.00010704994201660156s
2026-03-11 10:25:59,022 RW - vertex 30700. Time : 0.00011086463928222656s
2026-03-11 10:25:59,023 RW - vertex 44501. Time : 0.00011610984802246094s
2026-03-11 10:25:59,023 RW - vertex 46503. Time : 0.00011014938354492188s
2026-03-11 10:25:59,023 RW - vertex 16801. Time : 9.989738464355469e-05s
2026-03-11 10:25:59,023 RW - vertex 14483. Time : 0.00010895729064941406s
2026-03-11 10:25:59,023 RW - vertex 15483. Time : 0.00010800361633300781s
2026-03-11 10:25:59,023 RW - vertex 36632. Time : 0.00011181831359863281s
2026-03-11 10:25:59,023 RW - vertex 30869. Time : 0.00011301040649414062s
2026-03-11 10:25:59,023 RW - vertex 49136. Time : 0.00011420249938964844s
2026-03-11 10:25:59,023 RW - vertex 30808. Time : 0.00010800361633300781s
2026-03-11 10:25:59,024 RW - vertex 16900. Time : 0.00010585784912109375s
2026-03-11 10:25:59,024 RW - vertex 22321. Time : 0.00010800361633300781s
2026-03-11 10:25:59,024 RW - vertex 16870. Time : 0.00010609626770019531s
2026-03-11 10:25:59,024 RW - vertex 30827. Time : 0.00011277198791503906s
2026-03-11 10:25:59,024 RW - vertex 26932. Time : 0.00011777877807617188s
2026-03-11 10:25:59,024 RW - vertex 28448. Time : 0.00010967254638671875s
2026-03-11 10:25:59,024 RW - vertex 27506. Time : 0.00011181831359863281s
2026-03-11 10:25:59,024 RW - vertex 30674. Time : 0.00011420249938964844s
2026-03-11 10:25:59,025 RW - vertex 16824. Time : 0.00010824203491210938s
2026-03-11 10:25:59,025 RW - vertex 30738. Time : 0.00011205673217773438s
2026-03-11 10:25:59,025 RW - vertex 107354. Time : 0.00011205673217773438s
2026-03-11 10:25:59,025 RW - vertex 30785. Time : 0.00010967254638671875s
2026-03-11 10:25:59,025 RW - vertex 41241. Time : 0.00010395050048828125s
2026-03-11 10:25:59,025 RW - vertex 41104. Time : 0.00010013580322265625s
2026-03-11 10:25:59,025 RW - vertex 16576. Time : 0.00011801719665527344s
2026-03-11 10:25:59,025 RW - vertex 1432. Time : 0.00010895729064941406s
2026-03-11 10:25:59,025 RW - vertex 30701. Time : 0.00011587142944335938s
2026-03-11 10:25:59,026 RW - vertex 5850. Time : 0.00010824203491210938s
2026-03-11 10:25:59,026 RW - vertex 27491. Time : 0.00010895729064941406s
2026-03-11 10:25:59,026 RW - vertex 24065. Time : 0.00011396408081054688s
2026-03-11 10:25:59,026 RW - vertex 2524. Time : 0.0001049041748046875s
2026-03-11 10:25:59,026 RW - vertex 43048. Time : 0.00012087821960449219s
2026-03-11 10:25:59,026 RW - vertex 49430. Time : 0.0001239776611328125s
2026-03-11 10:25:59,027 RW - vertex 37800. Time : 0.00012183189392089844s
2026-03-11 10:25:59,027 RW - vertex 44647. Time : 0.00011706352233886719s
2026-03-11 10:25:59,027 RW - vertex 22380. Time : 0.00011587142944335938s
2026-03-11 10:25:59,027 RW - vertex 37523. Time : 0.00010824203491210938s
2026-03-11 10:25:59,027 RW - vertex 3522. Time : 0.00010991096496582031s
2026-03-11 10:25:59,027 RW - vertex 49562. Time : 0.000102996826171875s
2026-03-11 10:25:59,027 RW - vertex 39948. Time : 0.00011301040649414062s
2026-03-11 10:25:59,027 RW - vertex 9478. Time : 0.00010704994201660156s
2026-03-11 10:25:59,028 RW - vertex 21894. Time : 0.00010514259338378906s
2026-03-11 10:25:59,028 RW - vertex 1245. Time : 0.00010585784912109375s
2026-03-11 10:25:59,028 RW - vertex 779. Time : 0.00010585784912109375s
2026-03-11 10:25:59,028 RW - vertex 30745. Time : 0.00010704994201660156s
2026-03-11 10:25:59,028 RW - vertex 30570. Time : 0.00011491775512695312s
2026-03-11 10:25:59,028 RW - vertex 30801. Time : 0.0001049041748046875s
2026-03-11 10:25:59,028 RW - vertex 16688. Time : 0.000102996826171875s
2026-03-11 10:25:59,028 RW - vertex 44169. Time : 0.00010895729064941406s
2026-03-11 10:25:59,028 RW - vertex 49137. Time : 0.00011086463928222656s
2026-03-11 10:25:59,029 RW - vertex 30762. Time : 0.00011992454528808594s
2026-03-11 10:25:59,029 RW - vertex 38271. Time : 0.00011706352233886719s
2026-03-11 10:25:59,029 RW - vertex 30814. Time : 0.00011205673217773438s
2026-03-11 10:25:59,029 RW - vertex 16844. Time : 9.989738464355469e-05s
2026-03-11 10:25:59,029 RW - vertex 22375. Time : 0.00010085105895996094s
2026-03-11 10:25:59,029 RW - vertex 43142. Time : 0.00010895729064941406s
2026-03-11 10:25:59,029 RW - vertex 16724. Time : 0.00010800361633300781s
2026-03-11 10:25:59,029 RW - vertex 16892. Time : 0.0001049041748046875s
2026-03-11 10:25:59,029 RW - vertex 3674. Time : 0.00011801719665527344s
2026-03-11 10:25:59,030 RW - vertex 40992. Time : 0.00010800361633300781s
2026-03-11 10:25:59,030 RW - vertex 16846. Time : 0.00011110305786132812s
2026-03-11 10:25:59,030 RW - vertex 30711. Time : 0.00011396408081054688s
2026-03-11 10:25:59,030 RW - vertex 30846. Time : 0.00011324882507324219s
2026-03-11 10:25:59,030 RW - vertex 102023. Time : 0.00010704994201660156s
2026-03-11 10:25:59,030 RW - vertex 44732. Time : 0.00010418891906738281s
2026-03-11 10:25:59,030 RW - vertex 30684. Time : 0.000102996826171875s
2026-03-11 10:25:59,030 RW - vertex 486. Time : 0.00011181831359863281s
2026-03-11 10:25:59,031 RW - vertex 44164. Time : 0.00011324882507324219s
2026-03-11 10:25:59,031 RW - vertex 30758. Time : 0.00011682510375976562s
2026-03-11 10:25:59,031 RW - vertex 106781. Time : 0.00010609626770019531s
2026-03-11 10:25:59,031 RW - vertex 3033. Time : 0.00010180473327636719s
2026-03-11 10:25:59,031 RW - vertex 16871. Time : 0.00010776519775390625s
2026-03-11 10:25:59,031 RW - vertex 16788. Time : 0.00010800361633300781s
2026-03-11 10:25:59,031 RW - vertex 44155. Time : 0.00010180473327636719s
2026-03-11 10:25:59,031 RW - vertex 44163. Time : 0.00010895729064941406s
2026-03-11 10:25:59,031 RW - vertex 30830. Time : 0.00011801719665527344s
2026-03-11 10:25:59,032 RW - vertex 16761. Time : 0.00010895729064941406s
2026-03-11 10:25:59,032 RW - vertex 39947. Time : 0.00010824203491210938s
2026-03-11 10:25:59,032 RW - vertex 24088. Time : 0.0001010894775390625s
2026-03-11 10:25:59,032 RW - vertex 22384. Time : 0.00010800361633300781s
2026-03-11 10:25:59,032 RW - vertex 46772. Time : 0.00011372566223144531s
2026-03-11 10:25:59,032 RW - vertex 22378. Time : 0.00010704994201660156s
2026-03-11 10:25:59,032 RW - vertex 16822. Time : 0.0001049041748046875s
2026-03-11 10:25:59,032 RW - vertex 16850. Time : 0.00010895729064941406s
2026-03-11 10:25:59,033 RW - vertex 33406. Time : 0.0001068115234375s
2026-03-11 10:25:59,033 RW - vertex 45615. Time : 0.00010919570922851562s
2026-03-11 10:25:59,033 RW - vertex 30732. Time : 0.00010919570922851562s
2026-03-11 10:25:59,033 RW - vertex 39943. Time : 0.00010800361633300781s
2026-03-11 10:25:59,033 RW - vertex 3559. Time : 0.00010895729064941406s
2026-03-11 10:25:59,033 RW - vertex 46495. Time : 0.00011324882507324219s
2026-03-11 10:25:59,033 RW - vertex 16875. Time : 0.00010395050048828125s
2026-03-11 10:25:59,033 RW - vertex 4510. Time : 0.00011229515075683594s
2026-03-11 10:25:59,033 RW - vertex 26675. Time : 0.00010800361633300781s
2026-03-11 10:25:59,034 RW - vertex 16874. Time : 0.00011324882507324219s
2026-03-11 10:25:59,034 RW - vertex 4029. Time : 0.00010395050048828125s
2026-03-11 10:25:59,034 RW - vertex 3602. Time : 0.00011229515075683594s
2026-03-11 10:25:59,034 RW - vertex 106356. Time : 0.0001010894775390625s
2026-03-11 10:25:59,034 RW - vertex 23525. Time : 0.0001201629638671875s
2026-03-11 10:25:59,034 RW - vertex 30699. Time : 0.00010895729064941406s
2026-03-11 10:25:59,034 RW - vertex 48915. Time : 0.00011420249938964844s
2026-03-11 10:25:59,034 RW - vertex 44151. Time : 0.00011014938354492188s
2026-03-11 10:25:59,035 RW - vertex 9464. Time : 0.00011086463928222656s
2026-03-11 10:25:59,035 RW - vertex 109051. Time : 0.00010395050048828125s
2026-03-11 10:25:59,035 RW - vertex 22022. Time : 0.00010013580322265625s
2026-03-11 10:25:59,035 RW - vertex 16878. Time : 0.00010800361633300781s
2026-03-11 10:25:59,035 RW - vertex 30689. Time : 0.00011110305786132812s
2026-03-11 10:25:59,035 RW - vertex 3222. Time : 0.00010704994201660156s
2026-03-11 10:25:59,035 RW - vertex 3248. Time : 0.00011110305786132812s
2026-03-11 10:25:59,035 RW - vertex 4059. Time : 9.894371032714844e-05s
2026-03-11 10:25:59,035 RW - vertex 102560. Time : 0.00011324882507324219s
2026-03-11 10:25:59,036 RW - vertex 30586. Time : 0.00011205673217773438s
2026-03-11 10:25:59,036 RW - vertex 3077. Time : 0.00010895729064941406s
2026-03-11 10:25:59,036 RW - vertex 36749. Time : 0.00011205673217773438s
2026-03-11 10:25:59,036 RW - vertex 30812. Time : 0.00011491775512695312s
2026-03-11 10:25:59,036 RW - vertex 4561. Time : 0.00010228157043457031s
2026-03-11 10:25:59,036 RW - vertex 30737. Time : 0.0001049041748046875s
2026-03-11 10:25:59,036 RW - vertex 16811. Time : 0.00010800361633300781s
2026-03-11 10:25:59,036 RW - vertex 54587. Time : 0.00010800361633300781s
2026-03-11 10:25:59,036 RW - vertex 16725. Time : 0.0001049041748046875s
2026-03-11 10:25:59,037 RW - vertex 44664. Time : 0.00011110305786132812s
2026-03-11 10:25:59,037 RW - vertex 24888. Time : 0.00011372566223144531s
2026-03-11 10:25:59,037 RW - vertex 44147. Time : 0.00010704994201660156s
2026-03-11 10:25:59,037 RW - vertex 25065. Time : 0.00011086463928222656s
2026-03-11 10:25:59,037 RW - vertex 30735. Time : 0.00011873245239257812s
2026-03-11 10:25:59,037 RW - vertex 30757. Time : 8.893013000488281e-05s
2026-03-11 10:25:59,037 RW - vertex 39374. Time : 0.00010895729064941406s
2026-03-11 10:25:59,037 RW - vertex 3225. Time : 0.00010180473327636719s
2026-03-11 10:25:59,038 RW - vertex 27490. Time : 0.00011515617370605469s
2026-03-11 10:25:59,038 RW - vertex 36365. Time : 0.00011491775512695312s
2026-03-11 10:25:59,038 RW - vertex 9461. Time : 0.00010704994201660156s
2026-03-11 10:25:59,038 RW - vertex 39792. Time : 0.00010967254638671875s
2026-03-11 10:25:59,038 RW - vertex 30661. Time : 9.799003601074219e-05s
2026-03-11 10:25:59,038 RW - vertex 16735. Time : 0.00010538101196289062s
2026-03-11 10:25:59,038 RW - vertex 39848. Time : 0.00011110305786132812s
2026-03-11 10:25:59,038 RW - vertex 30868. Time : 0.00011491775512695312s
2026-03-11 10:25:59,038 RW - vertex 39959. Time : 0.00011110305786132812s
2026-03-11 10:25:59,039 RW - vertex 30779. Time : 0.00011110305786132812s
2026-03-11 10:25:59,039 RW - vertex 30790. Time : 0.00010609626770019531s
2026-03-11 10:25:59,039 RW - vertex 30890. Time : 0.00010895729064941406s
2026-03-11 10:25:59,039 RW - vertex 49839. Time : 0.00010919570922851562s
2026-03-11 10:25:59,039 RW - vertex 39981. Time : 0.00010204315185546875s
2026-03-11 10:25:59,039 RW - vertex 4353. Time : 0.000102996826171875s
2026-03-11 10:25:59,039 RW - vertex 30815. Time : 0.00010704994201660156s
2026-03-11 10:25:59,039 RW - vertex 44789. Time : 0.00010228157043457031s
2026-03-11 10:25:59,039 RW - vertex 46659. Time : 0.00011682510375976562s
2026-03-11 10:25:59,040 RW - vertex 16800. Time : 0.00011301040649414062s
2026-03-11 10:25:59,040 RW - vertex 30857. Time : 0.00010967254638671875s
2026-03-11 10:25:59,040 RW - vertex 16772. Time : 0.00010395050048828125s
2026-03-11 10:25:59,040 RW - vertex 5747. Time : 0.00010704994201660156s
2026-03-11 10:25:59,040 RW - vertex 108468. Time : 0.0001227855682373047s
2026-03-11 10:25:59,040 RW - vertex 4954. Time : 0.00010228157043457031s
2026-03-11 10:25:59,040 RW - vertex 22901. Time : 0.00010609626770019531s
2026-03-11 10:25:59,040 RW - vertex 30780. Time : 0.0001068115234375s
2026-03-11 10:25:59,041 RW - vertex 9481. Time : 0.000102996826171875s
2026-03-11 10:25:59,041 RW - vertex 48269. Time : 0.00010824203491210938s
2026-03-11 10:25:59,041 RW - vertex 33392. Time : 0.00010514259338378906s
2026-03-11 10:25:59,041 RW - vertex 16743. Time : 0.00011491775512695312s
2026-03-11 10:25:59,041 RW - vertex 4338. Time : 0.00010585784912109375s
2026-03-11 10:25:59,041 RW - vertex 41791. Time : 0.00011086463928222656s
2026-03-11 10:25:59,041 RW - vertex 42011. Time : 0.00011205673217773438s
2026-03-11 10:25:59,041 RW - vertex 30782. Time : 0.00010013580322265625s
2026-03-11 10:25:59,041 RW - vertex 39940. Time : 0.0001049041748046875s
2026-03-11 10:25:59,042 RW - vertex 30688. Time : 0.00011920928955078125s
2026-03-11 10:25:59,042 RW - vertex 30697. Time : 0.00011086463928222656s
2026-03-11 10:25:59,042 RW - vertex 44166. Time : 0.00011515617370605469s
2026-03-11 10:25:59,042 RW - vertex 46175. Time : 0.00011205673217773438s
2026-03-11 10:25:59,042 RW - vertex 102664. Time : 9.822845458984375e-05s
2026-03-11 10:25:59,042 RW - vertex 48728. Time : 0.0001201629638671875s
2026-03-11 10:25:59,042 RW - vertex 26198. Time : 0.00010895729064941406s
2026-03-11 10:25:59,042 RW - vertex 108227. Time : 0.00011372566223144531s
2026-03-11 10:25:59,043 RW - vertex 111. Time : 0.00010895729064941406s
2026-03-11 10:25:59,043 RW - vertex 30587. Time : 0.00011539459228515625s
2026-03-11 10:25:59,043 RW - vertex 16758. Time : 0.00010800361633300781s
2026-03-11 10:25:59,043 RW - vertex 30856. Time : 0.00011014938354492188s
2026-03-11 10:25:59,043 RW - vertex 16579. Time : 0.0001220703125s
2026-03-11 10:25:59,043 RW - vertex 16876. Time : 0.00012302398681640625s
2026-03-11 10:25:59,043 RW - vertex 30859. Time : 0.00011706352233886719s
2026-03-11 10:25:59,043 RW - vertex 49206. Time : 0.00011277198791503906s
2026-03-11 10:25:59,044 RW - vertex 47339. Time : 0.00012803077697753906s
2026-03-11 10:25:59,044 RW - vertex 15227. Time : 0.00010585784912109375s
2026-03-11 10:25:59,044 RW - vertex 41093. Time : 0.00011014938354492188s
2026-03-11 10:25:59,044 RW - vertex 4948. Time : 0.00010919570922851562s
2026-03-11 10:25:59,044 RW - vertex 14475. Time : 0.00010585784912109375s
2026-03-11 10:25:59,044 RW - vertex 21620. Time : 0.00010704994201660156s
2026-03-11 10:25:59,044 RW - vertex 31511. Time : 0.00011801719665527344s
2026-03-11 10:25:59,044 RW - vertex 16719. Time : 0.00010538101196289062s
2026-03-11 10:25:59,044 RW - vertex 21882. Time : 0.00011277198791503906s
2026-03-11 10:25:59,045 RW - vertex 24909. Time : 0.00010800361633300781s
2026-03-11 10:25:59,045 RW - vertex 16765. Time : 0.00011014938354492188s
2026-03-11 10:25:59,045 RW - vertex 30728. Time : 0.00011801719665527344s
2026-03-11 10:25:59,045 RW - vertex 44809. Time : 0.00011396408081054688s
2026-03-11 10:25:59,045 RW - vertex 105832. Time : 0.00011205673217773438s
2026-03-11 10:25:59,045 RW - vertex 30571. Time : 0.00011491775512695312s
2026-03-11 10:25:59,045 RW - vertex 3336. Time : 0.00010800361633300781s
2026-03-11 10:25:59,045 RW - vertex 26930. Time : 0.00010609626770019531s
2026-03-11 10:25:59,046 RW - vertex 41101. Time : 0.00010895729064941406s
2026-03-11 10:25:59,046 RW - vertex 37714. Time : 0.00011205673217773438s
2026-03-11 10:25:59,046 RW - vertex 47052. Time : 0.00010919570922851562s
2026-03-11 10:25:59,046 RW - vertex 3483. Time : 9.894371032714844e-05s
2026-03-11 10:25:59,046 RW - vertex 46584. Time : 0.00011014938354492188s
2026-03-11 10:25:59,046 RW - vertex 39953. Time : 0.00010609626770019531s
2026-03-11 10:25:59,046 RW - vertex 26933. Time : 0.00011086463928222656s
2026-03-11 10:25:59,046 RW - vertex 30716. Time : 0.00010395050048828125s
2026-03-11 10:25:59,046 RW - vertex 16832. Time : 0.00010395050048828125s
2026-03-11 10:25:59,047 RW - vertex 108087. Time : 0.00010704994201660156s
2026-03-11 10:25:59,047 RW - vertex 41162. Time : 0.00010824203491210938s
2026-03-11 10:25:59,047 RW - vertex 26685. Time : 0.00010895729064941406s
2026-03-11 10:25:59,047 RW - vertex 44160. Time : 0.0001010894775390625s
2026-03-11 10:25:59,047 RW - vertex 47718. Time : 0.00010800361633300781s
2026-03-11 10:25:59,047 RW - vertex 3657. Time : 9.799003601074219e-05s
2026-03-11 10:25:59,047 RW - vertex 46234. Time : 0.00010895729064941406s
2026-03-11 10:25:59,047 RW - vertex 15386. Time : 0.000102996826171875s
2026-03-11 10:25:59,047 RW - vertex 38297. Time : 0.00010275840759277344s
2026-03-11 10:25:59,048 RW - vertex 38294. Time : 0.0001087188720703125s
2026-03-11 10:25:59,048 RW - vertex 16720. Time : 0.00011086463928222656s
2026-03-11 10:25:59,048 RW - vertex 30776. Time : 0.000102996826171875s
2026-03-11 10:25:59,048 RW - vertex 16895. Time : 0.00010704994201660156s
2026-03-11 10:25:59,048 RW - vertex 44208. Time : 0.00010991096496582031s
2026-03-11 10:25:59,048 RW - vertex 24904. Time : 9.870529174804688e-05s
2026-03-11 10:25:59,048 RW - vertex 30594. Time : 0.00011873245239257812s
2026-03-11 10:25:59,048 RW - vertex 44167. Time : 0.000102996826171875s
2026-03-11 10:25:59,048 RW - vertex 47788. Time : 0.00011301040649414062s
2026-03-11 10:25:59,049 RW - vertex 101920. Time : 0.00011706352233886719s
2026-03-11 10:25:59,049 RW - vertex 44175. Time : 0.0001087188720703125s
2026-03-11 10:25:59,049 RW - vertex 16881. Time : 0.00010800361633300781s
2026-03-11 10:25:59,049 RW - vertex 24098. Time : 0.00011396408081054688s
2026-03-11 10:25:59,049 RW - vertex 24080. Time : 0.00011706352233886719s
2026-03-11 10:25:59,049 RW - vertex 54550. Time : 0.00011181831359863281s
2026-03-11 10:25:59,049 RW - vertex 37061. Time : 0.0001049041748046875s
2026-03-11 10:25:59,049 RW - vertex 16763. Time : 0.00011110305786132812s
2026-03-11 10:25:59,050 RW - vertex 615. Time : 0.0001049041748046875s
2026-03-11 10:25:59,050 RW - vertex 24093. Time : 0.00010704994201660156s
2026-03-11 10:25:59,050 RW - vertex 47047. Time : 0.00011396408081054688s
2026-03-11 10:25:59,050 RW - vertex 30770. Time : 0.00010609626770019531s
2026-03-11 10:25:59,050 RW - vertex 16826. Time : 0.0001049041748046875s
2026-03-11 10:25:59,050 RW - vertex 16848. Time : 0.00011610984802246094s
2026-03-11 10:25:59,050 RW - vertex 3552. Time : 9.608268737792969e-05s
2026-03-11 10:25:59,050 RW - vertex 40719. Time : 0.00010585784912109375s
2026-03-11 10:25:59,050 RW - vertex 16707. Time : 0.00010609626770019531s
2026-03-11 10:25:59,051 RW - vertex 41976. Time : 0.00010085105895996094s
2026-03-11 10:25:59,051 RW - vertex 47695. Time : 0.00011110305786132812s
2026-03-11 10:25:59,051 RW - vertex 49225. Time : 0.00010800361633300781s
2026-03-11 10:25:59,051 RW - vertex 22139. Time : 0.0001010894775390625s
2026-03-11 10:25:59,051 RW - vertex 45637. Time : 0.00010204315185546875s
2026-03-11 10:25:59,051 RW - vertex 44924. Time : 0.00011277198791503906s
2026-03-11 10:25:59,051 RW - vertex 24106. Time : 0.0001049041748046875s
2026-03-11 10:25:59,051 RW - vertex 30704. Time : 0.00010609626770019531s
2026-03-11 10:25:59,051 RW - vertex 30786. Time : 0.00010895729064941406s
2026-03-11 10:25:59,052 RW - vertex 37526. Time : 0.00011086463928222656s
2026-03-11 10:25:59,052 RW - vertex 46942. Time : 0.0001087188720703125s
2026-03-11 10:25:59,052 RW - vertex 2713. Time : 0.00011420249938964844s
2026-03-11 10:25:59,052 RW - vertex 15476. Time : 0.00010395050048828125s
2026-03-11 10:25:59,052 RW - vertex 219. Time : 0.00010514259338378906s
2026-03-11 10:25:59,052 RW - vertex 47208. Time : 0.00011897087097167969s
2026-03-11 10:25:59,052 RW - vertex 2507. Time : 0.00010895729064941406s
2026-03-11 10:25:59,052 RW - vertex 4571. Time : 0.00011229515075683594s
2026-03-11 10:25:59,053 RW - vertex 16733. Time : 0.00011014938354492188s
2026-03-11 10:25:59,053 RW - vertex 30695. Time : 0.00011205673217773438s
2026-03-11 10:25:59,053 RW - vertex 48433. Time : 0.0001010894775390625s
2026-03-11 10:25:59,053 RW - vertex 47734. Time : 0.00010585784912109375s
2026-03-11 10:25:59,053 RW - vertex 3596. Time : 0.00010704994201660156s
2026-03-11 10:25:59,053 RW - vertex 30677. Time : 0.00010800361633300781s
2026-03-11 10:25:59,053 RW - vertex 30821. Time : 0.00010609626770019531s
2026-03-11 10:25:59,053 RW - vertex 16700. Time : 0.00010395050048828125s
2026-03-11 10:25:59,053 RW - vertex 4952. Time : 0.00010824203491210938s
2026-03-11 10:25:59,054 RW - vertex 5633. Time : 0.0001087188720703125s
2026-03-11 10:25:59,054 RW - vertex 44146. Time : 0.00011301040649414062s
2026-03-11 10:25:59,054 RW - vertex 30746. Time : 0.00010418891906738281s
2026-03-11 10:25:59,054 RW - vertex 21598. Time : 0.00011110305786132812s
2026-03-11 10:25:59,054 RW - vertex 3950. Time : 0.00011277198791503906s
2026-03-11 10:25:59,054 RW - vertex 3130. Time : 0.00011992454528808594s
2026-03-11 10:25:59,054 RW - vertex 40429. Time : 0.00010991096496582031s
2026-03-11 10:25:59,054 RW - vertex 30848. Time : 0.00010180473327636719s
2026-03-11 10:25:59,055 RW - vertex 3508. Time : 0.00011324882507324219s
2026-03-11 10:25:59,055 RW - vertex 44154. Time : 0.00010609626770019531s
2026-03-11 10:25:59,055 RW - vertex 27264. Time : 0.0001049041748046875s
2026-03-11 10:25:59,055 RW - vertex 106642. Time : 0.00010800361633300781s
2026-03-11 10:25:59,055 RW - vertex 36677. Time : 0.00010919570922851562s
2026-03-11 10:25:59,055 RW - vertex 16793. Time : 0.00010609626770019531s
2026-03-11 10:25:59,055 RW - vertex 36818. Time : 0.00010967254638671875s
2026-03-11 10:25:59,055 RW - vertex 16759. Time : 0.00011086463928222656s
2026-03-11 10:25:59,055 RW - vertex 40109. Time : 0.00010514259338378906s
2026-03-11 10:25:59,056 RW - vertex 49159. Time : 0.00011014938354492188s
2026-03-11 10:25:59,056 RW - vertex 30803. Time : 0.00010395050048828125s
2026-03-11 10:25:59,056 RW - vertex 30712. Time : 0.00011920928955078125s
2026-03-11 10:25:59,056 RW - vertex 48299. Time : 0.00010895729064941406s
2026-03-11 10:25:59,056 RW - vertex 26197. Time : 0.00011086463928222656s
2026-03-11 10:25:59,056 RW - vertex 47570. Time : 0.00011706352233886719s
2026-03-11 10:25:59,056 RW - vertex 5319. Time : 0.00010204315185546875s
2026-03-11 10:25:59,056 RW - vertex 30679. Time : 0.00010609626770019531s
2026-03-11 10:25:59,057 RW - vertex 23487. Time : 0.00010395050048828125s
2026-03-11 10:25:59,057 RW - vertex 30861. Time : 0.00010323524475097656s
2026-03-11 10:25:59,057 RW - vertex 46721. Time : 9.894371032714844e-05s
2026-03-11 10:25:59,057 RW - vertex 30503. Time : 0.00010800361633300781s
2026-03-11 10:25:59,057 RW - vertex 22830. Time : 0.000102996826171875s
2026-03-11 10:25:59,057 RW - vertex 44168. Time : 0.00010085105895996094s
2026-03-11 10:25:59,057 RW - vertex 46603. Time : 0.00010800361633300781s
2026-03-11 10:25:59,057 RW - vertex 16820. Time : 0.00011086463928222656s
2026-03-11 10:25:59,057 RW - vertex 2734. Time : 0.00010609626770019531s
2026-03-11 10:25:59,058 RW - vertex 16842. Time : 0.00010895729064941406s
2026-03-11 10:25:59,058 RW - vertex 38959. Time : 0.00010704994201660156s
2026-03-11 10:25:59,058 RW - vertex 2686. Time : 0.00010919570922851562s
2026-03-11 10:25:59,058 RW - vertex 30771. Time : 0.00010704994201660156s
2026-03-11 10:25:59,058 RW - vertex 36644. Time : 9.584426879882812e-05s
2026-03-11 10:25:59,058 RW - vertex 4216. Time : 0.00010395050048828125s
2026-03-11 10:25:59,058 RW - vertex 46001. Time : 0.00011277198791503906s
2026-03-11 10:25:59,058 RW - vertex 16809. Time : 0.000102996826171875s
2026-03-11 10:25:59,058 RW - vertex 23486. Time : 0.00011897087097167969s
2026-03-11 10:25:59,059 RW - vertex 3087. Time : 0.00010895729064941406s
2026-03-11 10:25:59,059 RW - vertex 6179. Time : 0.000102996826171875s
2026-03-11 10:25:59,059 RW - vertex 23261. Time : 0.00011301040649414062s
2026-03-11 10:25:59,059 RW - vertex 47694. Time : 0.00011110305786132812s
2026-03-11 10:25:59,059 RW - vertex 101944. Time : 0.0001068115234375s
2026-03-11 10:25:59,059 RW - vertex 16840. Time : 0.00010776519775390625s
2026-03-11 10:25:59,059 RW - vertex 48486. Time : 0.00010085105895996094s
2026-03-11 10:25:59,059 RW - vertex 16778. Time : 0.00010704994201660156s
2026-03-11 10:25:59,059 RW - vertex 4976. Time : 0.00010704994201660156s
2026-03-11 10:25:59,060 RW - vertex 2384. Time : 0.00010895729064941406s
2026-03-11 10:25:59,060 RW - vertex 15334. Time : 0.00010704994201660156s
